session_date,open_type,judas_dir,judas_level,pm_sweep_london_high,pm_clean_break_london_high,pm_sweep_london_low,pm_clean_break_london_low,pm_sweep_asia_high,pm_clean_break_asia_high,pm_sweep_asia_low,pm_clean_break_asia_low,pm_sweep_pdh,pm_clean_break_pdh,pm_sweep_pdl,pm_clean_break_pdl,pm_total_sweeps,pm_total_clean_breaks,pm_lrlr_bearish_break,pm_lrlr_bullish_break,pm_num_lower_highs,pm_num_higher_lows,pm_lrlr_any_break,pm_fvg_bull_1m,pm_fvg_bear_1m,pm_fvg_total_1m,pm_fvg_bull_5m,pm_fvg_bear_5m,pm_fvg_total_5m,pm_fvg_bull_15m,pm_fvg_bear_15m,pm_fvg_total_15m,pm_gap_pts,pm_gap_pct_of_on_range,pm_gap_direction,pm_open_in_on_pct,pm_slope_60m,pm_slope_30m,pm_cvd_60m,pm_cvd_direction,pm_vol_acceleration,pm_post_london_directional,pm_post_london_direction,pm_chop_range_ratio,pm_direction_changes,pm_chop_score,accept_dir,accept_level,accept_pct
2025-02-20,JUDAS,SHORT,LDN_HIGH,1,1,1,0,1,1,1,1,0,0,0,0,4,3,0,0,0,1,0,1,0,1,1,0,1,0,0,0,-0.25,0.26455026455026454,-1,76.19047619047619,0.47677132536807904,0.08492769744087438,523.0,1,1.087487781036168,0.14646464646464646,1,0.3862433862433862,17,0.5862068965517241,,,
2025-02-21,CHOP,,,1,1,1,0,1,1,1,1,1,1,0,0,5,4,0,0,1,0,0,1,2,3,1,1,2,2,0,2,0.25,0.1763668430335097,1,69.66490299823633,-0.18253681578238598,-0.4672413793107989,359.0,1,1.1433398541703716,0.39622641509433965,1,0.3474426807760141,13,0.4482758620689655,,,
2025-02-24,JUDAS,SHORT,ASIA_HIGH,1,0,1,0,1,1,1,0,0,0,0,0,4,1,0,1,0,3,1,2,4,6,0,0,0,0,0,0,0.75,0.5504587155963303,1,59.082568807339456,-0.34210197277033233,-1.202391546163259,-612.0,-1,1.4600518031480374,0.3879003558718861,-1,0.5155963302752293,13,0.4482758620689655,,,
2025-02-25,ACCEPTANCE,,,1,1,1,1,1,0,1,1,0,0,1,1,5,4,0,0,1,0,0,1,4,5,0,1,1,2,0,2,0.0,0.0,0,57.82414307004471,-0.8472075576548923,-0.7859844271417232,-632.0,-1,1.9065515490096494,0.38310708898944196,1,0.5663189269746647,11,0.3793103448275862,SHORT,ASIA_LOW,1.0
2025-02-26,JUDAS,LONG,ASIA_LOW,1,0,1,1,1,1,1,0,0,0,0,0,4,2,0,0,1,0,0,1,7,8,0,3,3,1,2,3,0.0,0.0,0,30.377358490566035,-1.5304459572104645,-1.5204115684100066,-845.0,-1,1.9475760992108229,0.5944700460829493,-1,0.8188679245283019,15,0.5172413793103449,,,
2025-02-27,JUDAS,SHORT,LDN_HIGH,1,1,1,1,1,1,1,0,0,0,0,0,4,3,0,0,0,0,0,6,2,8,0,1,1,2,0,2,0.25,0.08976660682226212,1,82.6750448833034,0.27358293970532893,0.6242491657392002,-1109.0,-1,0.6415774524797904,0.1613588110403397,1,0.3770197486535009,13,0.4482758620689655,,,
2025-02-28,CHOP,,,1,0,1,1,1,1,1,0,0,0,1,1,5,3,0,0,1,1,0,3,6,9,0,0,0,0,1,1,1.0,0.5797101449275363,1,36.811594202898554,-0.7014448457907163,-0.7480533926593529,-601.0,-1,1.144201163188505,0.6801705756929638,-1,0.5681159420289855,12,0.41379310344827586,,,
2025-03-03,JUDAS,SHORT,ON_HIGH,1,1,1,1,1,1,1,0,1,1,0,0,5,4,0,0,0,0,0,4,5,9,1,0,1,1,0,1,-0.5,0.1899335232668566,-1,83.38081671415006,0.46704640177812,-0.38403781980008905,-1001.0,-1,1.2524311183144246,0.3717391304347826,1,0.24406457739791074,13,0.4482758620689655,,,
2025-03-04,ACCEPTANCE,,,1,1,1,1,1,1,1,1,0,0,1,1,5,5,0,0,0,1,0,9,7,16,2,1,3,0,2,2,0.5,0.15151515151515152,1,21.136363636363637,0.9757571547650236,-0.7072858731930871,1164.0,1,1.3703319502074687,0.6742574257425743,-1,0.41363636363636364,17,0.5862068965517241,SHORT,LDN_LOW,1.0
2025-03-05,ACCEPTANCE,,,1,0,1,1,1,1,1,1,0,0,0,0,4,3,0,0,5,0,0,5,2,7,2,0,2,0,0,0,-0.75,0.2997002997002997,-1,19.980019980019982,-0.29680466796344296,1.5426585094544814,-27.0,-1,1.1166163141993959,0.722680412371134,-1,0.35864135864135865,12,0.41379310344827586,SHORT,LDN_LOW,1.0
2025-03-06,ACCEPTANCE,,,1,1,1,1,1,0,1,1,0,0,0,0,4,3,0,0,3,1,0,4,4,8,1,0,1,1,1,2,0.75,0.2152080344332855,1,4.519368723098996,-0.2789663795499683,-0.24154616240313606,-71.0,-1,1.0704573547589615,0.5960854092526691,-1,0.24103299856527977,14,0.4827586206896552,SHORT,ASIA_LOW,1.0
2025-03-07,JUDAS,LONG,ON_LOW,1,0,1,1,1,1,1,1,0,0,0,0,4,3,0,0,0,0,0,5,7,12,0,1,1,0,0,0,0.75,0.3033367037411527,1,3.5389282103134483,-2.717963323145374,-0.9477196885435469,-1451.0,-1,0.6431505194491424,0.6804853387259858,-1,1.0,15,0.5172413793103449,,,
2025-03-10,ACCEPTANCE,,,1,1,1,1,1,0,1,1,0,0,0,0,4,3,0,0,0,1,0,4,2,6,0,0,0,1,0,1,-1.25,0.4230118443316413,-1,6.345177664974619,0.28268963600993424,-0.5522246941053612,-361.0,-1,0.8610917213458048,0.40025740025740025,-1,0.27411167512690354,13,0.4482758620689655,SHORT,LDN_LOW,1.0
2025-03-11,JUDAS,LONG,LDN_LOW,1,1,1,1,1,1,1,0,0,0,1,1,5,4,0,0,2,0,0,3,7,10,0,0,0,1,1,2,0.5,0.11217049915872125,1,65.50757150869322,-0.7974854126147968,-0.5927141268078808,-552.0,-1,1.2182238362495874,0.7657393850658858,-1,0.22097588334268087,13,0.4482758620689655,,,
2025-03-12,ACCEPTANCE,,,1,1,1,0,1,1,1,1,1,1,0,0,5,4,0,0,1,1,0,2,4,6,1,1,2,2,0,2,-0.75,0.18668326073428748,-1,75.85563161169881,-0.020422339539149556,-1.538820912125185,1193.0,1,1.1087635954494313,0.5230914231856739,1,0.5028002489110143,16,0.5517241379310345,LONG,LDN_HIGH,1.0
2025-03-13,CHOP,,,1,1,1,0,1,0,1,1,0,0,0,0,4,2,0,0,1,2,0,6,4,10,1,0,1,3,1,4,-0.75,0.2557544757033248,-1,58.05626598465473,0.6154348430117763,0.06051167964370315,913.0,1,0.7730025959042399,0.4816983894582723,1,0.32821824381926684,13,0.4482758620689655,,,
2025-03-14,CHOP,,,1,1,1,1,1,1,1,1,0,0,0,0,4,4,0,1,1,3,1,3,4,7,0,2,2,2,0,2,0.75,0.31678986272439286,1,73.60084477296726,-0.8354334537372861,-1.0961067853175699,-615.0,-1,1.241463958937737,0.3148148148148148,1,0.31045406546990495,17,0.5862068965517241,,,
2025-03-17,ACCEPTANCE,,,1,1,1,1,1,1,1,0,1,1,0,0,5,4,0,0,0,1,0,3,5,8,2,2,4,4,0,4,0.75,0.3250270855904659,1,62.51354279523294,-0.4728466240623271,-1.3333147942161927,188.0,1,0.9151576123407109,0.40173410404624277,1,0.5222101841820151,8,0.27586206896551724,LONG,LDN_HIGH,1.0
2025-03-18,ACCEPTANCE,,,1,1,1,1,1,1,1,1,0,0,0,0,4,4,0,0,3,0,0,2,7,9,0,1,1,0,4,4,0.25,0.13812154696132595,1,5.248618784530387,-1.1730619616561975,-0.1403781979980818,-760.0,-1,1.1734138972809667,0.8338815789473685,-1,0.5027624309392266,15,0.5172413793103449,SHORT,LDN_LOW,1.0
2025-03-19,JUDAS,LONG,ASIA_LOW,1,1,1,0,1,0,1,1,0,0,0,0,4,2,1,0,3,0,1,5,2,7,1,0,1,1,0,1,-1.0,0.7272727272727273,-1,90.72727272727272,0.12759794387318563,0.020244716350577886,-31.0,-1,2.173217550274223,0.686046511627907,1,0.3563636363636364,12,0.41379310344827586,,,
2025-03-20,CHOP,,,1,0,1,1,1,0,1,1,0,0,0,0,4,2,0,0,1,0,0,4,7,11,0,1,1,0,5,5,0.0,0.0,0,14.965034965034965,-1.0016949152543257,-0.2042825361517844,-570.0,-1,0.7783864541832669,0.8193050193050193,-1,0.21048951048951048,14,0.4827586206896552,,,
2025-03-21,ACCEPTANCE,,,1,1,1,1,1,0,1,1,0,0,1,1,5,4,0,0,0,0,0,0,9,9,0,3,3,0,1,1,0.25,0.07564296520423601,1,15.128593040847202,-2.357147818838821,-1.2736373748617507,-1149.0,-1,1.950586360013663,0.6039094650205762,-1,0.5915279878971256,13,0.4482758620689655,SHORT,ASIA_LOW,1.0
2025-03-24,ACCEPTANCE,,,1,1,1,1,1,1,1,0,1,1,0,0,5,4,0,0,0,5,0,2,2,4,0,0,0,2,0,2,0.25,0.10615711252653928,1,89.91507430997878,0.1722909141426147,-0.4586763070081812,438.0,1,1.354587542087542,0.4765258215962441,1,0.1316348195329087,16,0.5517241379310345,LONG,LDN_HIGH,1.0
2025-03-25,CHOP,,,1,1,1,0,1,1,1,1,1,1,0,0,5,4,0,0,1,0,0,2,2,4,0,1,1,3,0,3,-0.5,0.3236245954692557,-1,69.41747572815534,-0.2410600166714565,0.283648498331115,142.0,1,1.0892569588221763,0.6423841059602649,1,0.32038834951456313,13,0.4482758620689655,,,
2025-03-26,ACCEPTANCE,,,1,1,1,1,1,0,1,1,1,1,0,0,5,4,0,0,0,0,0,3,2,5,1,1,2,0,0,0,-0.25,0.2331002331002331,-1,10.48951048951049,-0.07790358432918934,-1.4057842046724458,46.0,1,2.0178954903364352,0.2204724409448819,-1,0.46153846153846156,13,0.4482758620689655,SHORT,ASIA_LOW,1.0
2025-03-27,CHOP,,,1,1,1,1,1,0,1,1,0,0,1,1,5,4,0,0,1,1,0,2,2,4,0,1,1,0,0,0,-0.75,0.5190311418685121,-1,14.186851211072666,-0.9249722145040467,-1.656507230256283,-721.0,-1,1.5350369335196647,0.656188605108055,-1,0.6505190311418685,10,0.3448275862068966,,,
2025-03-28,ACCEPTANCE,,,1,0,1,0,1,1,1,1,0,0,1,1,5,3,0,0,0,0,0,3,5,8,3,2,5,1,1,2,0.0,0.0,0,34.68468468468468,0.8277090858570235,3.3863737486092402,17.0,1,0.9104262183732382,0.002127659574468085,1,0.6831831831831832,14,0.4827586206896552,SHORT,PDL,1.0
2025-03-31,ACCEPTANCE,,,1,1,1,1,1,0,1,1,0,0,1,1,5,4,0,0,0,1,0,4,2,6,0,0,0,1,1,2,-0.25,0.10141987829614604,-1,19.878296146044626,-0.03294665184792272,-1.44304783092354,-640.0,-1,1.349615255938441,0.32558139534883723,-1,0.2839756592292089,13,0.4482758620689655,SHORT,LDN_LOW,1.0
2025-04-01,JUDAS,LONG,LDN_LOW,1,1,1,1,1,1,1,0,1,1,0,0,5,4,0,0,0,2,0,3,3,6,0,0,0,0,1,1,-0.5,0.21953896816684962,-1,43.578485181119646,0.7495623784383167,0.273804226918292,-238.0,-1,1.3019924254898732,0.4330413016270338,-1,0.2897914379802415,13,0.4482758620689655,,,
2025-04-02,JUDAS,LONG,ON_LOW,1,1,1,1,1,1,1,1,1,1,0,0,5,5,0,0,6,0,0,0,3,3,0,0,0,0,2,2,0.5,0.13468013468013468,1,2.558922558922559,-0.36762989719391265,-1.387541713014925,-235.0,-1,0.8257287705956907,0.8373362445414847,-1,0.19124579124579125,15,0.5172413793103449,,,
2025-04-03,ACCEPTANCE,,,1,0,1,1,1,1,1,1,0,0,1,1,5,4,0,0,1,0,0,4,7,11,0,1,1,0,3,3,-0.25,0.06983240223463687,-1,25.977653631284912,-1.376965823840107,1.8555061179086356,2643.0,1,0.8806666666666666,0.7065609228550829,-1,0.4483240223463687,12,0.41379310344827586,SHORT,PDL,1.0
2025-04-04,ACCEPTANCE,,,1,1,1,1,1,0,1,1,0,0,1,1,5,4,0,0,0,2,0,2,5,7,0,1,1,0,2,2,0.0,0.0,0,41.63631269263099,0.7286537927199701,-3.2754727474974565,614.0,1,1.075198661647846,0.49391415759128765,-1,0.24068366489212664,16,0.5517241379310345,SHORT,LDN_LOW,1.0
2025-04-07,CHOP,,,1,1,1,0,1,1,1,0,0,0,1,1,5,3,0,0,1,1,0,2,6,8,1,1,2,2,1,3,1.0,0.12224938875305623,1,55.95965770171149,-2.750312586829898,-5.811345939933572,-482.0,-1,1.0447484349640621,0.11152589827344844,1,0.38844743276283616,16,0.5517241379310345,,,
2025-04-08,ACCEPTANCE,,,1,1,1,1,1,1,1,0,0,0,0,0,4,3,0,0,0,1,0,3,2,5,0,0,0,4,0,4,-0.5,0.09514747859181732,-1,96.81255946717413,3.270971103084178,6.227474972190778,991.0,1,1.0885485555168815,0.6869428421604614,1,0.4643196955280685,18,0.6206896551724138,LONG,LDN_HIGH,1.0
2025-04-09,ACCEPTANCE,,,1,0,1,1,1,1,1,1,0,0,1,1,5,4,0,0,0,0,0,8,1,9,3,0,3,1,1,2,-1.0,0.14492753623188406,-1,66.55797101449275,5.919442900805696,0.022580645161039713,273.0,1,0.63095485749948,0.3236261155472053,-1,0.5855072463768116,16,0.5517241379310345,LONG,ASIA_HIGH,1.0
2025-04-10,ACCEPTANCE,,,1,1,1,0,1,1,1,1,0,0,0,0,4,3,0,0,1,0,0,4,5,9,1,0,1,1,1,2,0.25,0.03676470588235294,1,12.205882352941176,-0.004417893859588777,1.0843715239152452,68.0,1,1.1866371450898672,0.007380073800738007,1,0.37316176470588236,13,0.4482758620689655,SHORT,ASIA_LOW,1.0
2025-04-11,CHOP,,,1,0,1,1,1,1,1,0,0,0,0,0,4,2,0,0,1,0,0,3,6,9,0,2,2,2,3,5,0.0,0.0,0,48.729395604395606,-4.031175326479752,-3.855561735261995,-621.0,-1,1.0487331797793673,0.09841954022988506,1,0.43612637362637363,16,0.5517241379310345,,,
2025-04-14,BOTH,SHORT,ASIA_HIGH,1,1,1,1,1,0,1,0,1,1,0,0,5,3,0,0,0,0,0,9,1,10,2,0,2,2,2,4,-1.25,0.3852080123266564,-1,92.6040061633282,1.2715129202555138,2.050389321468118,807.0,1,1.6551513919934973,0.4870689655172414,1,0.3913713405238829,10,0.3448275862068966,LONG,PDH,1.0
2025-04-15,CHOP,,,1,0,1,1,1,1,1,1,0,0,0,0,4,3,0,0,0,0,0,3,1,4,2,0,2,2,2,4,-0.25,0.10799136069114472,-1,71.38228941684666,1.7430466796330992,0.48342602892053255,777.0,1,1.0334950334950335,0.11695137976346912,-1,0.6133909287257019,12,0.41379310344827586,,,
2025-04-16,ACCEPTANCE,,,1,0,1,0,1,1,1,1,0,0,1,1,5,3,0,0,1,0,0,1,7,8,0,3,3,0,1,1,1.5,0.42046250875963564,1,21.303433777154872,-1.6163726035012465,-1.1556173526145932,-707.0,-1,1.169009256085019,0.7459677419354839,-1,0.38192011212333565,15,0.5172413793103449,SHORT,PDL,1.0
2025-04-17,ACCEPTANCE,,,1,0,1,1,1,1,1,1,0,0,0,0,4,3,0,0,2,0,0,3,5,8,1,3,4,0,0,0,-3.5,1.1382113821138211,-1,47.96747967479675,-1.1300222283967822,0.4918798665178398,-160.0,-1,1.6793515358361775,0.282089552238806,-1,0.3951219512195122,11,0.3793103448275862,SHORT,LDN_LOW,1.0
2025-04-21,ACCEPTANCE,,,1,1,1,1,1,0,1,1,0,0,0,0,4,3,0,0,0,1,0,2,2,4,0,0,0,0,1,1,1.5,0.4942339373970346,1,12.932454695222406,-0.6182898027230561,-0.41423804226944877,205.0,1,1.0584622942765904,0.4336448598130841,-1,0.19110378912685339,12,0.41379310344827586,SHORT,ASIA_LOW,1.0
2025-04-22,ACCEPTANCE,,,1,0,1,1,1,1,1,1,1,0,0,0,5,3,0,0,0,0,0,7,1,8,3,0,3,3,0,3,0.5,0.16246953696181965,1,92.44516653127539,1.099076132258948,0.22775305895406944,549.0,1,1.298337056341524,0.33186813186813185,1,0.2510154346060114,13,0.4482758620689655,LONG,ASIA_HIGH,1.0
2025-04-23,ACCEPTANCE,,,1,1,1,1,1,1,1,0,1,1,0,0,5,4,0,0,0,1,0,8,4,12,2,1,3,3,1,4,0.25,0.07178750897343862,1,93.18018664752333,0.023068908029965928,0.10567296996625665,211.0,1,0.7961165048543689,0.7484177215189873,1,0.239770279971285,8,0.27586206896551724,LONG,LDN_HIGH,1.0
2025-04-24,ACCEPTANCE,,,1,1,1,0,1,0,1,1,0,0,1,1,5,3,0,0,1,3,0,6,5,11,1,0,1,6,0,6,1.25,0.4448398576512456,1,95.1067615658363,0.36224645734889427,0.3622358175745811,733.0,1,1.3732251521298173,0.9641025641025641,1,0.28647686832740216,18,0.6206896551724138,LONG,LDN_HIGH,1.0
2025-04-25,CHOP,,,1,1,1,1,1,1,1,1,1,1,0,0,5,5,0,0,0,0,0,4,4,8,0,1,1,1,3,4,0.0,0.0,0,28.71111111111111,0.25559877743794607,2.1677419354831917,527.0,1,0.80560593569662,0.5156445556946183,-1,0.3164444444444444,12,0.41379310344827586,,,
2025-04-28,CHOP,,,1,1,1,1,1,1,1,0,1,1,0,0,5,4,0,0,1,1,0,2,2,4,1,0,1,3,1,4,-0.75,0.4231311706629055,-1,90.40902679830748,0.8650388996942504,0.7322024471629797,426.0,1,1.370110916520724,0.5278450363196125,1,0.32722143864598024,14,0.4827586206896552,,,
2025-04-29,CHOP,,,1,0,1,1,1,0,1,1,1,0,0,0,5,2,0,0,0,0,0,6,7,13,0,2,2,0,3,3,0.5,0.1976284584980237,1,16.99604743083004,-2.4235898860796357,-0.1809788654066672,-822.0,-1,0.5381193913382755,0.7544273907910272,-1,0.6324110671936759,14,0.4827586206896552,,,
2025-04-30,ACCEPTANCE,,,1,0,1,1,1,1,1,1,0,0,1,1,5,4,0,0,2,0,0,4,9,13,0,2,2,1,5,6,0.0,0.0,0,17.59436980166347,-1.9825159766603044,0.8172413793099234,-876.0,-1,1.1015300435707773,0.7317232375979112,-1,0.6967370441458733,19,0.6551724137931034,SHORT,LDN_LOW,1.0
2025-05-01,BOTH,SHORT,LDN_HIGH,1,1,1,1,1,1,1,1,1,1,0,0,5,5,0,0,0,0,0,5,2,7,0,0,0,1,1,2,0.5,0.21668472372697722,1,72.04767063921993,-0.004223395387738519,1.3562291434924059,-24.0,-1,1.0538646006271906,0.08974358974358974,-1,0.2513542795232936,15,0.5172413793103449,LONG,PDH,1.0
2025-05-02,ACCEPTANCE,,,1,1,1,1,1,1,1,0,1,1,1,1,6,5,0,0,0,1,0,7,1,8,1,0,1,2,0,2,-0.5,0.12763241863433314,-1,85.38608806636886,1.87207557654888,-0.3257508342608075,1003.0,1,0.8110060554552215,0.7556357078449053,1,0.5296745373324825,14,0.4827586206896552,LONG,LDN_HIGH,1.0
2025-05-05,JUDAS,LONG,ASIA_LOW,1,1,1,1,1,0,1,1,0,0,1,1,5,4,0,0,0,2,0,3,4,7,1,0,1,1,1,2,-0.5,0.2120890774125133,-1,20.890774125132555,0.3072450680743892,-0.21479421579596106,266.0,1,0.7586627623230845,0.1927710843373494,1,0.19618239660657477,12,0.41379310344827586,,,
2025-05-06,ACCEPTANCE,,,1,1,1,1,1,1,1,1,0,0,1,1,5,5,0,0,3,0,0,2,2,4,1,1,2,0,1,1,0.0,0.0,0,3.4619188921859543,-0.32702139483212156,-1.5542825361518209,-580.0,-1,1.6206804891015416,0.635814889336016,-1,0.24925816023738873,13,0.4482758620689655,SHORT,ASIA_LOW,1.0
2025-05-07,ACCEPTANCE,,,1,1,1,1,1,0,1,1,1,1,0,0,5,4,0,0,0,0,0,7,5,12,1,2,3,0,2,2,-0.25,0.07479431563201197,-1,28.646222887060585,-0.7748471797725266,-0.3980533926589264,75.0,1,1.057127507163324,0.7380560131795717,-1,0.2475691847419596,12,0.41379310344827586,SHORT,ASIA_LOW,1.0
2025-05-08,JUDAS,SHORT,ASIA_HIGH,1,1,1,1,1,1,1,1,1,1,0,0,5,5,0,0,3,1,0,5,4,9,1,1,2,1,1,2,-0.25,0.07107320540156362,-1,71.07320540156361,-0.46116976938061455,-0.19493882091245016,-613.0,-1,1.2704000000000002,0.51171875,-1,0.2615493958777541,19,0.6551724137931034,,,
2025-05-09,CHOP,,,1,1,1,1,1,1,1,0,0,0,0,0,4,3,0,0,0,3,0,6,1,7,1,0,1,2,0,2,0.0,0.0,0,71.15384615384616,0.4615379272018008,-0.29260289210275464,860.0,1,1.0938425103611606,0.3378151260504202,1,0.28966346153846156,17,0.5862068965517241,,,
2025-05-12,ACCEPTANCE,,,1,1,1,1,1,1,1,0,1,1,0,0,5,4,0,0,1,0,0,4,8,12,0,1,1,0,0,0,0.25,0.040666937779585195,1,89.3045953639691,-0.3815434843013377,0.3812569521684912,-951.0,-1,1.1479766803840876,0.3771186440677966,1,0.12484749898332656,13,0.4482758620689655,LONG,ASIA_HIGH,1.0
2025-05-13,ACCEPTANCE,,,1,1,1,0,1,1,1,1,1,1,0,0,5,4,0,0,1,7,0,2,4,6,0,0,0,2,0,2,0.75,0.30272452068617556,1,71.84661957618566,-0.03408585718271754,0.05456062291367392,323.0,1,1.3024138866286954,0.6775210084033614,1,0.4803229061553986,14,0.4827586206896552,LONG,LDN_HIGH,1.0
2025-05-14,CHOP,,,1,1,1,1,1,1,1,0,1,1,0,0,5,4,0,0,0,0,0,2,4,6,1,1,2,3,1,4,0.25,0.17331022530329288,1,57.019064124783355,-0.2400944706865085,0.6154060066736954,-778.0,-1,1.192298770586871,0.29116117850953205,1,0.37954939341421146,15,0.5172413793103449,,,
2025-05-15,ACCEPTANCE,,,1,1,1,0,1,0,1,1,0,0,1,1,5,3,0,0,1,1,0,4,2,6,0,0,0,1,0,1,-0.25,0.11363636363636363,-1,50.68181818181819,-0.018644067796884344,-0.01840934371607189,53.0,1,0.9919668307851776,0.605072463768116,1,0.42613636363636365,17,0.5862068965517241,SHORT,ASIA_LOW,1.0
2025-05-16,CHOP,,,1,1,1,1,1,1,1,0,0,0,0,0,4,3,0,0,0,0,0,1,3,4,1,0,1,0,1,1,0.0,0.0,0,84.4551282051282,-0.04745068074474699,1.0241935483864644,888.0,1,2.172099544339292,0.22392638036809817,1,0.5224358974358975,13,0.4482758620689655,,,
2025-05-19,JUDAS,LONG,ASIA_LOW,1,1,1,0,1,0,1,1,0,0,1,1,5,3,0,0,1,0,0,3,2,5,0,1,1,2,0,2,-0.75,0.24549918166939444,-1,27.33224222585925,0.05514726312838743,-0.8672413793107795,327.0,1,1.974791758000877,0.628361858190709,1,0.20703764320785598,14,0.4827586206896552,,,
2025-05-20,CHOP,,,1,1,1,0,1,0,1,1,1,1,0,0,5,3,0,0,1,0,0,1,5,6,1,0,1,3,1,4,-0.25,0.1483679525222552,-1,8.011869436201781,0.08431508752421131,-0.5037819799780493,-281.0,-1,2.4326612903225806,0.33762057877813506,-1,0.31008902077151335,11,0.3793103448275862,,,
2025-05-21,JUDAS,LONG,LDN_LOW,1,1,1,1,1,0,1,1,0,0,1,1,5,4,0,0,2,0,0,3,6,9,0,0,0,3,1,4,-0.25,0.11668611435239205,-1,21.353558926487747,-0.4794109474857597,-1.262680756396578,-693.0,-1,1.5560887822435512,0.3392857142857143,-1,0.352392065344224,14,0.4827586206896552,,,
2025-05-22,JUDAS,LONG,ASIA_LOW,1,1,1,1,1,1,1,1,0,0,1,1,5,5,0,0,0,0,0,9,2,11,6,1,7,2,3,5,-0.25,0.12285012285012285,-1,61.91646191646192,2.1078563489855955,-1.4056173526144862,978.0,1,0.8999892229766139,0.171990171990172,-1,0.9176904176904177,11,0.3793103448275862,,,
2025-05-23,ACCEPTANCE,,,1,0,1,1,1,1,1,1,0,0,1,1,5,4,1,0,3,1,1,5,2,7,0,0,0,0,3,3,1.0,0.19646365422396855,1,23.280943025540275,-0.3386287857737723,1.3380978865400368,965.0,1,1.2800465048684784,0.7465091299677766,-1,0.18025540275049115,13,0.4482758620689655,SHORT,LDN_LOW,1.0
2025-05-26,ACCEPTANCE,,,1,0,1,1,1,1,1,0,1,1,0,0,5,3,0,0,2,0,0,5,7,12,0,0,0,1,0,1,0.5,0.14936519790888725,1,91.48618371919342,-0.2060433453739247,-0.4272525027811256,-151.0,-1,0.8669491525423728,0.2857142857142857,1,0.11874533233756535,12,0.41379310344827586,LONG,ASIA_HIGH,1.0
2025-05-27,JUDAS,LONG,LDN_LOW,1,0,1,1,1,1,1,0,1,1,1,1,6,4,1,0,2,0,1,3,5,8,2,0,2,0,1,1,0.0,0.0,0,58.075601374570454,0.31115587663223754,0.4264738598438762,-359.0,-1,2.644067796610169,0.4332493702770781,-1,0.281786941580756,18,0.6206896551724138,,,
2025-05-28,CHOP,,,1,1,1,1,1,1,1,1,1,1,0,0,5,5,0,0,0,1,0,3,4,7,1,1,2,3,0,3,0.5,0.38314176245210724,1,68.19923371647509,-0.3527368713532728,-0.46206896551759385,-193.0,-1,1.3502018006830179,0.5804597701149425,1,0.3793103448275862,12,0.41379310344827586,,,
2025-05-29,ACCEPTANCE,,,1,0,1,1,1,1,1,1,1,1,0,0,5,4,1,0,5,2,1,4,6,10,1,0,1,0,2,2,0.0,0.0,0,51.45368492224476,0.27194359544300806,1.250500556172969,46.0,1,1.7125477099236643,0.5126262626262627,-1,0.17647058823529413,10,0.3448275862068966,SHORT,LDN_LOW,1.0
2025-05-30,JUDAS,SHORT,ASIA_HIGH,1,1,1,1,1,1,1,0,0,0,1,1,5,4,1,0,2,1,1,4,3,7,1,0,1,1,1,2,0.25,0.12836970474967907,1,77.66367137355584,0.3653792720197668,1.6363181312564141,243.0,1,1.5336161187698834,0.09242618741976893,1,0.540436456996149,17,0.5862068965517241,,,
2025-06-02,JUDAS,SHORT,PDH,1,1,1,0,1,0,1,1,0,0,0,0,4,2,0,0,0,1,0,8,5,13,1,0,1,1,0,1,1.25,0.6738544474393532,1,63.20754716981132,0.15197277021384026,-0.3412124582870572,-314.0,-1,1.3002953724975386,0.4557291666666667,1,0.284366576819407,15,0.5172413793103449,,,
2025-06-03,ACCEPTANCE,,,1,1,1,0,1,1,1,1,1,1,0,0,5,4,0,0,0,1,0,6,3,9,0,1,1,2,0,2,0.0,0.0,0,90.86614173228347,0.46690747429825824,0.20834260289156045,750.0,1,1.3260797889878009,0.7933070866141733,1,0.3464566929133858,11,0.3793103448275862,LONG,LDN_HIGH,1.0
2025-06-04,CHOP,,,1,1,1,1,1,1,1,0,1,0,0,0,5,3,0,0,0,2,0,3,1,4,0,0,0,1,1,2,-0.75,0.6711409395973155,-1,66.2192393736018,0.5868157821613842,0.7015572858723376,1054.0,1,2.0090725806451615,0.1185682326621924,1,0.5637583892617449,14,0.4827586206896552,,,
2025-06-05,CHOP,,,1,0,1,0,1,1,1,1,1,1,0,0,5,3,0,0,0,1,0,3,2,5,1,0,1,0,1,1,1.25,0.6738544474393532,1,54.44743935309974,1.012447902194833,-0.05294771968908453,158.0,1,1.0072056239015819,0.13746630727762804,1,1.0,14,0.4827586206896552,,,
2025-06-06,ACCEPTANCE,,,1,1,1,1,1,1,1,1,0,0,1,1,5,5,0,0,1,1,0,6,4,10,1,0,1,1,0,1,-0.5,0.1466275659824047,-1,94.79472140762464,0.800076410113857,1.4824249165734418,877.0,1,1.4693811074918568,0.7902511078286558,1,0.40762463343108507,12,0.41379310344827586,LONG,LDN_HIGH,1.0
2025-06-09,CHOP,,,1,1,1,1,1,0,1,0,0,0,1,0,5,2,0,0,1,2,0,1,1,2,0,0,0,0,0,0,0.5,0.4618937644341801,1,81.5242494226328,-0.07775771047531072,0.055617352613325906,103.0,1,2.090351366424986,0.19262295081967212,1,0.19861431870669746,17,0.5862068965517241,,,
2025-06-10,CHOP,,,1,1,1,0,1,0,1,1,1,1,1,0,6,3,0,0,1,0,0,2,4,6,0,0,0,1,0,1,0.25,0.10362694300518134,1,43.3160621761658,-0.1719158099474476,-0.28414905450561345,-434.0,-1,2.5123018042646255,0.3384615384615385,1,0.16062176165803108,15,0.5172413793103449,,,
2025-06-11,CHOP,,,1,1,1,0,1,1,1,1,1,1,0,0,5,4,0,0,0,2,0,2,3,5,0,1,1,1,0,1,-0.25,0.10405827263267431,-1,63.47554630593132,-0.6765143095306917,-0.008565072302959229,1086.0,1,0.67828418230563,0.34375,1,0.6690946930280958,13,0.4482758620689655,,,
2025-06-12,CHOP,,,1,1,1,0,1,1,1,1,0,0,1,1,5,4,0,0,0,1,0,1,1,2,1,0,1,1,0,1,-0.75,0.4143646408839779,-1,63.39779005524861,0.5418171714361456,-0.3174638487213443,1107.0,1,0.5983185427370389,0.19579288025889968,1,0.8535911602209945,18,0.6206896551724138,,,
2025-06-13,ACCEPTANCE,,,1,1,1,1,1,1,1,0,0,0,1,1,5,4,0,1,0,3,1,2,4,6,0,1,1,2,1,3,0.0,0.0,0,44.8566610455312,-0.7636704640180215,0.08464961067803466,-186.0,-1,1.7441089837997055,0.415506958250497,1,0.16919617762788083,16,0.5517241379310345,SHORT,PDL,1.0
2025-06-16,ACCEPTANCE,,,1,1,1,1,1,1,1,0,0,0,1,1,5,4,0,1,0,3,1,1,3,4,0,0,0,2,0,2,0.0,0.0,0,86.56273199703044,-0.17195748819129236,-0.39721913236998035,448.0,1,1.2450796626054357,0.12037037037037036,1,0.14699331848552338,13,0.4482758620689655,LONG,LDN_HIGH,1.0
2025-06-17,CHOP,,,1,1,1,1,1,1,1,1,0,0,1,1,5,5,0,0,0,0,0,3,2,5,0,1,1,1,0,1,-0.75,0.41379310344827586,-1,35.310344827586206,-0.577590997499547,0.18420467185713563,-623.0,-1,1.6132812499999998,0.0380952380952381,-1,0.37517241379310345,19,0.6551724137931034,,,
2025-06-18,CHOP,,,1,1,1,1,1,1,1,1,0,0,1,1,5,5,0,0,1,1,0,2,2,4,0,0,0,1,1,2,-0.5,0.24509803921568626,-1,66.54411764705883,0.2532647957764363,0.53754171301367,-450.0,-1,1.2334038054968288,0.30196936542669583,-1,0.17034313725490197,18,0.6206896551724138,,,
2025-06-19,ACCEPTANCE,,,1,1,1,1,1,1,1,1,0,0,1,1,5,5,0,0,1,0,0,4,6,10,0,0,0,0,2,2,1.25,0.5307855626326964,1,19.002123142250532,-0.4399485968325581,0.7899888765291753,-256.0,-1,0.6351626016260162,0.4,-1,0.33014861995753714,16,0.5517241379310345,SHORT,ASIA_LOW,1.0
2025-06-20,ACCEPTANCE,,,1,1,1,1,1,1,1,1,1,1,0,0,5,5,0,0,0,2,0,4,1,5,2,0,2,4,0,4,0.0,0.0,0,97.48075577326803,1.125423728813358,1.4018909899882466,1651.0,1,2.888288800454804,0.9487704918032787,1,0.3365990202939118,14,0.4827586206896552,LONG,PDH,1.0
2025-06-23,JUDAS,LONG,PDL,1,0,1,1,1,1,1,0,0,0,1,1,5,3,0,0,0,1,0,4,1,5,1,0,1,1,1,2,-0.5,0.13245033112582782,-1,80.26490066225166,0.3999096971378315,-0.3120133481653724,-286.0,-1,0.8994642857142858,0.23390894819466249,-1,0.14437086092715232,13,0.4482758620689655,,,
2025-06-24,ACCEPTANCE,,,1,0,1,1,1,1,1,1,1,1,0,0,5,4,0,0,0,3,0,2,2,4,0,0,0,1,2,3,-0.25,0.0784313725490196,-1,70.11764705882354,0.053855237565771326,0.5294771968849943,225.0,1,2.3652098658589353,0.13930348258706468,-1,0.16470588235294117,23,0.7931034482758621,LONG,PDH,1.0
2025-06-25,ACCEPTANCE,,,1,1,1,1,1,1,1,1,1,1,0,0,5,5,0,0,0,5,0,3,2,5,0,0,0,3,0,3,0.75,0.5905511811023622,1,90.15748031496062,0.25909974993033313,-0.16918798665230544,149.0,1,1.0564119383404393,0.6581632653061225,1,0.22440944881889763,15,0.5172413793103449,LONG,LDN_HIGH,1.0
2025-06-26,CHOP,,,1,1,1,1,1,1,1,1,1,1,0,0,5,5,0,0,3,1,0,2,5,7,0,0,0,1,0,1,-0.5,0.3395585738539898,-1,80.1358234295416,-0.13808002222859914,0.5389321468292848,-181.0,-1,1.803049555273189,0.07692307692307693,-1,0.4091680814940577,15,0.5172413793103449,,,
2025-06-27,CHOP,,,1,1,1,1,1,1,1,0,1,1,0,0,5,4,0,0,1,0,0,1,5,6,0,1,1,1,0,1,-0.5,0.3913894324853229,-1,37.96477495107632,-0.7477979994444326,-0.014794215795709255,-271.0,-1,0.9740748484214928,0.4809384164222874,-1,0.5557729941291585,21,0.7241379310344828,,,
2025-06-30,CHOP,,,1,1,1,1,1,1,1,0,1,1,0,0,5,4,0,0,1,0,0,2,2,4,0,1,1,1,1,2,0.5,0.3058103975535168,1,75.07645259938838,0.25171575437609506,0.4631813125691923,-547.0,-1,1.55306647080426,0.044897959183673466,-1,0.21865443425076453,15,0.5172413793103449,,,
2025-07-01,BOTH,LONG,PDL,1,1,1,1,1,0,1,1,0,0,1,1,5,4,0,0,2,0,0,4,2,6,1,1,2,0,1,1,-0.25,0.15723270440251574,-1,26.10062893081761,0.37104056682402253,-0.15778642936656803,-273.0,-1,1.3263313609467455,0.512,-1,0.36163522012578614,18,0.6206896551724138,SHORT,ASIA_LOW,1.0
2025-07-02,CHOP,,,1,0,1,1,1,1,1,1,0,0,1,0,5,3,0,0,3,0,0,4,5,9,1,0,1,1,1,2,0.25,0.12547051442910914,1,36.51191969887076,0.6271047513196019,0.46190211345882604,-128.0,-1,0.6078431372549019,0.40515653775322286,-1,0.3851944792973651,17,0.5862068965517241,,,
2025-07-03,ACCEPTANCE,,,1,1,1,1,1,1,1,0,1,1,0,0,5,4,0,0,1,2,0,6,1,7,2,0,2,1,0,1,0.0,0.0,0,95.81497797356829,0.37983467629895856,0.6699110122351687,487.0,1,1.0114522417153995,0.7104072398190046,1,0.7400881057268722,16,0.5517241379310345,LONG,LDN_HIGH,1.0
2025-07-04,ACCEPTANCE,,,1,1,1,1,1,1,1,1,0,0,1,1,5,5,0,0,0,2,0,0,1,1,0,0,0,0,0,0,1.0,0.554016620498615,1,18.421052631578945,-0.32340928035596583,-0.3050611790884097,-172.0,-1,1.4019746121297603,0.14388489208633093,-1,0.17590027700831026,16,0.5517241379310345,SHORT,ASIA_LOW,1.0
2025-07-07,JUDAS,LONG,LDN_LOW,1,1,1,0,1,0,1,1,1,1,0,0,5,3,0,0,0,0,0,1,3,4,0,1,1,2,2,4,-0.75,0.6237006237006237,-1,32.016632016632016,-0.9387885523759408,-0.4353170189104372,-1084.0,-1,1.6210685865858279,0.3450134770889488,1,0.5301455301455301,16,0.5517241379310345,,,
2025-07-08,JUDAS,SHORT,ASIA_HIGH,1,0,1,1,1,1,1,1,0,0,0,0,4,3,0,0,0,0,0,2,3,5,2,0,2,1,2,3,0.25,0.15220700152207,1,77.6255707762557,0.3905181994997305,-0.33225806451661094,-129.0,-1,1.739918441323063,0.24757281553398058,-1,0.2526636225266362,15,0.5172413793103449,,,
2025-07-09,ACCEPTANCE,,,1,1,1,0,1,1,1,1,1,1,0,0,5,4,0,0,0,0,0,2,1,3,1,0,1,1,0,1,0.0,0.0,0,99.60474308300395,0.4501597666017387,1.0809788654053953,-30.0,-1,1.4257664485015502,0.99375,1,0.37351778656126483,19,0.6551724137931034,LONG,LDN_HIGH,1.0
2025-07-10,JUDAS,SHORT,ON_HIGH,1,1,1,0,1,1,1,1,0,0,0,0,4,3,0,0,1,1,0,2,2,4,0,0,0,1,1,2,0.25,0.24875621890547264,1,99.50248756218906,0.32009585996091017,0.6472191323688842,-129.0,-1,1.1641566265060241,0.4807692307692308,1,0.4154228855721393,8,0.27586206896551724,,,
2025-07-11,JUDAS,LONG,LDN_LOW,1,1,1,1,1,1,1,0,0,0,1,1,5,4,0,0,1,0,0,1,3,4,1,0,1,2,0,2,-0.25,0.11507479861910241,-1,34.75258918296893,0.048569046957441915,-0.2952169076754554,-12.0,-1,1.130756111426947,0.03819444444444445,1,0.14844649021864212,16,0.5517241379310345,,,
2025-07-14,CHOP,,,1,1,1,0,1,1,1,0,0,0,1,1,5,3,0,0,0,3,0,5,2,7,1,0,1,0,0,0,-0.5,0.37453183520599254,-1,98.12734082397003,0.24124756876881112,1.1421579532808301,796.0,1,2.5829545454545455,0.6875,1,0.3651685393258427,13,0.4482758620689655,,,
2025-07-15,BOTH,SHORT,ON_HIGH,1,1,1,1,1,1,1,0,1,1,0,0,5,4,0,0,0,1,0,4,0,4,1,0,1,0,0,0,-0.25,0.11210762331838565,-1,92.82511210762333,0.6745207001940664,0.6820355951048889,1244.0,1,1.466766616691654,0.564179104477612,1,0.3396860986547085,14,0.4827586206896552,LONG,PDH,1.0
2025-07-16,JUDAS,SHORT,ON_HIGH,1,1,1,0,1,1,1,1,0,0,1,1,5,4,0,0,1,2,0,2,0,2,0,0,0,1,0,1,-0.5,0.3205128205128205,-1,91.66666666666666,0.14178243956631117,0.23136818687383115,-161.0,-1,1.0155289550307345,0.6580188679245284,1,0.41185897435897434,17,0.5862068965517241,,,
2025-07-17,ACCEPTANCE,,,1,1,1,1,1,1,1,0,1,1,0,0,5,4,0,0,0,0,0,5,2,7,2,2,4,2,1,3,-0.5,0.35335689045936397,-1,60.24734982332155,0.3120241733813874,-1.8501668520583698,152.0,1,1.57470525187567,0.008670520231213872,-1,0.5017667844522968,8,0.27586206896551724,LONG,ASIA_HIGH,1.0
2025-07-18,JUDAS,SHORT,LDN_HIGH,1,0,1,1,1,1,1,1,1,1,0,0,5,4,0,0,0,2,0,4,3,7,0,1,1,0,1,1,0.75,0.9933774834437087,1,72.51655629139073,0.3318699638784318,0.07869855394817543,1086.0,1,4.767071057192374,0.26258992805755393,1,0.8642384105960265,15,0.5172413793103449,,,
2025-07-21,JUDAS,LONG,LDN_LOW,1,0,1,1,1,1,1,0,0,0,0,0,4,2,0,0,4,0,0,3,5,8,0,2,2,0,1,1,0.25,0.23866348448687352,1,46.53937947494033,-0.8092108919145511,0.6630700778638934,-764.0,-1,1.165446559297218,0.45565749235474007,-1,0.5560859188544153,13,0.4482758620689655,,,
2025-07-22,JUDAS,SHORT,LDN_HIGH,1,1,1,1,1,0,1,1,0,0,0,0,4,3,0,0,0,4,0,0,0,0,0,0,0,0,0,0,-0.25,0.25125628140703515,-1,74.37185929648241,0.11881772714623164,-0.01440489432766186,361.0,1,1.5798668885191345,0.8681672025723473,1,0.20100502512562815,12,0.41379310344827586,,,
2025-07-23,CHOP,,,1,0,1,1,1,1,1,1,0,0,0,0,4,3,0,0,1,1,0,4,1,5,1,0,1,0,3,3,0.5,0.4405286343612335,1,80.83700440528634,0.19906223951076524,0.9142936596212076,240.0,1,2.259246456965088,0.3644859813084112,-1,0.3920704845814978,18,0.6206896551724138,,,
2025-07-24,JUDAS,SHORT,LDN_HIGH,1,1,1,1,1,0,1,1,1,1,0,0,5,4,0,0,1,1,0,4,2,6,0,0,0,0,1,1,-0.5,0.5235602094240838,-1,51.30890052356021,0.05688385662647583,0.5048387096770649,37.0,1,1.5068723702664797,0.17549668874172186,-1,0.5602094240837696,15,0.5172413793103449,,,
2025-07-25,CHOP,,,1,1,1,0,1,0,1,1,1,1,0,0,5,3,0,0,1,0,0,1,0,1,0,0,0,0,0,0,-0.5,0.5263157894736842,-1,18.421052631578945,-0.28440539038639223,0.04449388209077006,-214.0,-1,0.6336377473363776,0.19662921348314608,-1,0.41842105263157897,18,0.6206896551724138,,,
2025-07-28,BOTH,LONG,ON_LOW,1,0,1,1,1,1,1,1,1,1,0,0,5,4,0,0,0,0,0,0,2,2,0,2,2,0,2,2,-0.5,0.42016806722689076,-1,4.831932773109244,-0.7207140872464671,-1.2244160177979595,-211.0,-1,0.9606536569887356,0.8459016393442623,-1,0.46008403361344535,12,0.41379310344827586,SHORT,LDN_LOW,1.0
2025-07-29,ACCEPTANCE,,,1,1,1,1,1,1,1,1,1,1,0,0,5,5,1,0,2,0,1,2,1,3,0,0,0,0,0,0,-0.25,0.22624434389140274,-1,86.42533936651584,-0.07117949430413,0.5348720800882516,-143.0,-1,1.6071193144363876,0.4268292682926829,1,0.26018099547511314,17,0.5862068965517241,LONG,PDH,1.0
2025-07-30,JUDAS,LONG,LDN_LOW,1,1,1,1,1,1,1,1,0,0,0,0,4,4,0,0,2,0,0,1,2,3,0,1,1,0,1,1,0.0,0.0,0,50.171821305841924,-0.18077243678818355,0.13781979977692096,-288.0,-1,1.0706051873198847,0.05339805825242718,1,0.4879725085910653,15,0.5172413793103449,,,
2025-07-31,ACCEPTANCE,,,1,0,1,1,1,1,1,1,1,1,0,0,5,4,0,0,1,1,0,0,2,2,0,1,1,1,0,1,0.25,0.15723270440251574,1,40.723270440251575,-0.3468532925813835,-1.2950500556180062,-836.0,-1,2.0835135135135134,0.79296875,-1,0.4025157232704403,12,0.41379310344827586,SHORT,LDN_LOW,1.0
2025-08-01,ACCEPTANCE,,,1,1,1,1,1,0,1,1,0,0,1,1,5,4,0,0,0,1,0,3,7,10,0,0,0,1,1,2,0.25,0.07911392405063292,1,9.889240506329115,-1.1292233953877568,-1.161957730812543,-544.0,-1,1.155799066941521,0.39705882352941174,-1,0.3852848101265823,16,0.5517241379310345,SHORT,ASIA_LOW,1.0
2025-08-04,ACCEPTANCE,,,1,1,1,1,1,1,1,0,0,0,0,0,4,3,0,0,0,2,0,2,1,3,0,0,0,1,0,1,0.5,0.186219739292365,1,99.4413407821229,0.20278549597100642,0.2753615127911858,-349.0,-1,1.4254457050243112,0.5531914893617021,1,0.11080074487895716,13,0.4482758620689655,LONG,LDN_HIGH,1.0
2025-08-05,JUDAS,LONG,LDN_LOW,1,1,1,0,1,1,1,0,1,1,0,0,5,3,0,0,2,1,0,2,4,6,0,0,0,1,0,1,0.25,0.2724795640326975,1,32.69754768392371,-0.34548485690496933,-0.5148498331486271,-563.0,-1,1.559331323650315,0.1182108626198083,1,0.4550408719346049,13,0.4482758620689655,,,
2025-08-06,JUDAS,LONG,LDN_LOW,1,0,1,1,1,1,1,0,0,0,1,1,5,3,0,0,0,2,0,4,4,8,0,0,0,1,1,2,-0.5,0.27548209366391185,-1,69.14600550964187,0.3094262295080197,-0.19466073415007726,-27.0,-1,1.8797094870630957,0.04189944134078212,1,0.25895316804407714,13,0.4482758620689655,,,
2025-08-07,ACCEPTANCE,,,1,1,1,1,1,1,1,1,1,1,0,0,5,5,0,0,0,2,0,4,2,6,0,0,0,2,1,3,0.0,0.0,0,82.71119842829077,0.16143373159210664,-0.01006674082395239,-158.0,-1,1.42140350877193,0.32592592592592595,1,0.14145383104125736,11,0.3793103448275862,LONG,ASIA_HIGH,1.0
2025-08-08,CHOP,,,1,1,1,0,1,0,1,1,0,0,0,0,4,2,0,0,1,1,0,3,1,4,0,0,0,0,2,2,0.25,0.3125,1,47.8125,0.0573284245622663,-0.049110122358567605,224.0,1,0.9610313507178435,0.20784313725490197,-1,0.365625,18,0.6206896551724138,,,
2025-08-11,CHOP,,,1,1,1,0,1,0,1,1,1,1,0,0,5,3,0,0,2,0,0,1,3,4,0,0,0,1,0,1,0.0,0.0,0,38.71733966745843,-0.1126771325370559,0.0045050055607862355,-372.0,-1,1.619960988296489,0.09090909090909091,1,0.33016627078384797,13,0.4482758620689655,,,
2025-08-12,JUDAS,SHORT,PDH,1,1,1,1,1,1,1,1,1,1,0,0,5,5,0,0,0,3,0,4,3,7,1,1,2,1,1,2,0.0,0.0,0,62.209944751381215,-0.8965407057519482,-0.965572858732527,952.0,1,0.5645850377238433,0.44678362573099417,1,0.712707182320442,14,0.4827586206896552,,,
2025-08-13,ACCEPTANCE,,,1,1,1,1,1,1,1,0,1,1,0,0,5,4,0,0,0,3,0,0,1,1,0,0,0,1,0,1,-0.5,0.4048582995951417,-1,98.17813765182186,0.415420950263839,0.6420467185757242,1469.0,1,1.95881310894597,0.8319672131147541,1,0.340080971659919,12,0.41379310344827586,LONG,PDH,1.0
2025-08-14,CHOP,,,1,1,1,1,1,1,1,1,0,0,1,1,5,5,1,0,2,1,1,2,4,6,0,0,0,0,1,1,1.5,0.8645533141210375,1,35.014409221902014,-0.24377604890266807,0.1647385984422475,-1213.0,-1,0.8392728322031453,0.414985590778098,-1,1.0,17,0.5862068965517241,,,
2025-08-15,CHOP,,,1,0,1,0,1,1,1,0,0,0,0,0,4,1,0,0,1,1,0,2,3,5,0,0,0,0,0,0,-0.25,0.2717391304347826,-1,44.29347826086957,-0.07113086968623512,0.12530589543899337,-244.0,-1,3.19182269774551,0.4660633484162896,1,0.4266304347826087,15,0.5172413793103449,,,
2025-08-18,CHOP,,,1,1,1,0,1,0,1,1,0,0,0,0,4,2,1,0,2,2,1,1,2,3,1,1,2,1,1,2,0.0,0.0,0,16.87170474516696,0.1941442067242467,-0.5027252502787685,85.0,1,1.1577726218097446,0.3333333333333333,-1,0.2478031634446397,10,0.3448275862068966,,,
2025-08-19,CHOP,,,1,1,1,0,1,1,1,1,1,1,0,0,5,4,0,0,0,0,0,1,5,6,0,1,1,0,1,1,0.25,0.2331002331002331,1,27.972027972027973,-0.5429702695196094,0.3553392658499735,-506.0,-1,1.3441412520064207,0.37906137184115524,-1,0.4428904428904429,16,0.5517241379310345,,,
2025-08-20,BOTH,SHORT,LDN_HIGH,1,1,1,1,1,1,1,0,0,0,1,1,5,4,0,0,0,1,0,3,1,4,1,1,2,0,0,0,0.0,0.0,0,60.16528925619835,-0.023596832453724337,-0.5958843159067257,-354.0,-1,1.7916073968705548,0.22264150943396227,1,0.2628099173553719,18,0.6206896551724138,SHORT,PDL,0.9833333333333333
2025-08-21,CHOP,,,1,0,1,1,1,0,1,1,0,0,0,0,4,2,1,0,2,1,1,3,2,5,0,0,0,0,2,2,-0.25,0.15527950310559005,-1,30.27950310559006,-0.07180466796370832,0.9146829810899036,-97.0,-1,1.002993414488126,0.40476190476190477,-1,0.37888198757763975,9,0.3103448275862069,,,
2025-08-22,CHOP,,,1,1,1,0,1,1,1,1,0,0,1,1,5,4,0,0,0,0,0,1,3,4,0,0,0,0,0,0,0.0,0.0,0,90.68627450980392,-0.021228118922238557,0.4092880978864399,-590.0,-1,1.1501948281969536,0.23,1,0.1875,15,0.5172413793103449,,,
2025-08-25,CHOP,,,1,1,1,1,1,0,1,1,0,0,0,0,4,3,0,0,1,1,0,1,0,1,0,0,0,0,1,1,0.5,0.3436426116838488,1,24.742268041237114,0.3052722978601909,0.35205784204613433,561.0,1,1.8544152744630074,0.21739130434782608,-1,0.2508591065292096,17,0.5862068965517241,,,
2025-08-26,JUDAS,SHORT,ASIA_HIGH,1,1,1,1,1,1,1,0,0,0,1,1,5,4,0,0,1,1,0,0,3,3,0,0,0,1,2,3,-1.0,0.6722689075630253,-1,64.70588235294117,-0.022797999444581628,0.07119021134558444,-195.0,-1,1.0617635107679804,0.125,1,0.13277310924369748,16,0.5517241379310345,,,
2025-08-27,CHOP,,,1,1,1,1,1,0,1,1,1,1,0,0,5,4,0,0,1,0,0,0,6,6,0,0,0,0,2,2,0.0,0.0,0,2.366863905325444,-0.49464434565159426,-0.9450500556179555,-1054.0,-1,0.8639677369319062,0.5228758169934641,-1,0.6331360946745562,13,0.4482758620689655,,,
2025-08-28,ACCEPTANCE,,,1,0,1,1,1,1,1,0,1,0,1,0,6,2,0,0,0,1,0,4,1,5,1,0,1,2,0,2,0.25,0.14326647564469913,1,83.810888252149,0.37224923589877795,0.4696885428248427,1436.0,1,1.7649683897359612,0.20333333333333334,1,0.35959885386819485,7,0.2413793103448276,LONG,ASIA_HIGH,0.9666666666666667
2025-08-29,ACCEPTANCE,,,1,1,1,1,1,1,1,1,0,0,0,0,4,4,0,0,0,1,0,4,0,4,0,0,0,1,0,1,-0.25,0.16722408026755853,-1,33.77926421404682,0.06483745484839717,-0.051446051168193244,504.0,1,1.5974385600553827,0.5036231884057971,1,0.3712374581939799,16,0.5517241379310345,SHORT,ASIA_LOW,1.0
2025-09-01,CHOP,,,1,1,1,0,1,0,1,1,0,0,1,1,5,3,0,0,0,2,0,1,0,1,0,0,0,0,1,1,0.75,0.4120879120879121,1,57.96703296703297,0.11467768824674023,0.026751946606872672,-32.0,-1,1.404899135446686,0.2318181818181818,-1,0.11263736263736264,16,0.5517241379310345,,,
2025-09-02,BOTH,LONG,ON_LOW,1,1,1,1,1,1,1,1,1,0,1,1,6,5,0,0,5,0,0,2,3,5,0,2,2,0,3,3,-0.25,0.05564830272676684,-1,7.456872565386756,-0.8298346762993084,0.9383759733032458,-90.0,-1,0.8435197225834415,0.7926267281105991,-1,0.2498608792431831,14,0.4827586206896552,SHORT,LDN_LOW,1.0
2025-09-03,BOTH,SHORT,LDN_HIGH,1,1,1,0,1,1,1,0,1,1,0,0,5,3,1,0,2,1,1,1,3,4,0,0,0,0,0,0,-0.75,0.46801872074883,-1,83.77535101404057,0.5104681856068217,0.5758064516121146,-105.0,-1,1.5530742459396751,0.31666666666666665,1,0.35725429017160687,12,0.41379310344827586,LONG,ASIA_HIGH,1.0
2025-09-04,JUDAS,SHORT,ON_HIGH,1,1,1,1,1,0,1,0,1,1,0,0,5,3,0,0,2,0,0,1,1,2,0,0,0,0,0,0,0.0,0.0,0,47.46987951807229,-0.313128646846587,-0.2441045606236325,-876.0,-1,1.1076573161485974,0.2140468227424749,-1,0.4506024096385542,13,0.4482758620689655,,,
2025-09-05,JUDAS,SHORT,ON_HIGH,1,1,1,1,1,1,1,1,1,1,0,0,5,5,0,0,0,0,0,3,1,4,4,0,4,2,0,2,0.0,0.0,0,92.59708737864078,1.6828424562375814,0.028587319243135168,2134.0,1,0.9378773125608569,0.5703918722786647,1,0.8361650485436893,15,0.5172413793103449,,,
2025-09-08,ACCEPTANCE,,,1,1,1,1,1,0,1,0,0,0,0,0,4,2,0,0,0,2,0,5,2,7,0,0,0,0,1,1,0.75,0.5181347150259068,1,93.95509499136442,0.5458252292299445,0.41523915461543354,546.0,1,2.0796555435952633,0.4029126213592233,1,0.29533678756476683,14,0.4827586206896552,LONG,LDN_HIGH,1.0
2025-09-09,JUDAS,SHORT,ASIA_HIGH,1,0,1,1,1,1,1,0,0,0,0,0,4,2,0,0,0,0,0,1,3,4,0,0,0,0,1,1,0.25,0.26455026455026454,1,43.65079365079365,-0.5312100583497903,-0.11813125695273077,-611.0,-1,0.6889180327868852,0.15767634854771784,-1,0.5529100529100529,18,0.6206896551724138,,,
2025-09-10,ACCEPTANCE,,,1,1,1,1,1,1,1,1,1,1,0,0,5,5,0,0,0,1,0,4,1,5,1,1,2,2,0,2,0.25,0.14684287812041116,1,76.3582966226138,0.1693456515696643,0.9038932146826544,1136.0,1,1.232035638194848,0.6697530864197531,1,0.6916299559471366,16,0.5517241379310345,LONG,PDH,1.0
2025-09-11,CHOP,,,1,1,1,1,1,1,1,1,0,0,0,0,4,4,0,0,1,1,0,6,2,8,0,0,0,1,0,1,0.25,0.18115942028985507,1,96.92028985507247,0.819220616837834,0.2713570634036824,667.0,1,1.0885341074020318,0.35688405797101447,1,1.0,18,0.6206896551724138,,,
2025-09-12,CHOP,,,1,1,1,0,1,1,1,1,1,1,0,0,5,4,0,0,0,0,0,0,0,0,0,0,0,0,0,0,0.75,0.9090909090909091,1,89.39393939393939,0.38865657126970876,0.020522803113786122,41.0,1,1.1859418282548477,0.7375565610859729,1,0.44242424242424244,19,0.6551724137931034,,,
2025-09-15,ACCEPTANCE,,,1,1,1,0,1,1,1,1,1,1,0,0,5,4,0,0,0,6,0,0,1,1,0,0,0,2,0,2,0.25,0.23752969121140144,1,96.43705463182897,0.5445470964155855,-0.027975528365469793,177.0,1,1.4842829076620827,0.7839805825242718,1,0.40380047505938244,14,0.4827586206896552,LONG,LDN_HIGH,1.0
2025-09-16,JUDAS,SHORT,ASIA_HIGH,1,0,1,1,1,1,1,0,1,1,0,0,5,3,0,0,0,1,0,1,3,4,0,0,0,0,0,0,0.25,0.2028397565922921,1,57.809330628803245,0.051757432619878634,0.012068965516053886,105.0,1,1.2322325915290742,0.6557377049180327,-1,0.20486815415821502,16,0.5517241379310345,,,
2025-09-17,CHOP,,,1,0,1,0,1,1,1,1,0,0,1,1,5,3,0,0,0,3,0,2,1,3,0,0,0,1,0,1,0.0,0.0,0,72.3514211886305,0.08657265907192331,-0.13192436040089786,53.0,1,1.966542750929368,0.2983425414364641,1,0.2454780361757106,15,0.5172413793103449,,,
2025-09-18,ACCEPTANCE,,,1,1,1,1,1,1,1,1,1,1,0,0,5,5,0,0,1,0,0,0,7,7,0,3,3,1,1,2,0.25,0.09345794392523366,1,67.19626168224299,-1.4024868018895682,0.27002224694064225,-32.0,-1,0.6921924920127795,0.5033407572383074,-1,0.4130841121495327,14,0.4827586206896552,LONG,PDH,1.0
2025-09-19,ACCEPTANCE,,,1,1,1,0,1,1,1,1,0,0,0,0,4,3,0,0,0,5,0,3,0,3,0,0,0,1,0,1,0.75,0.5859375,1,98.6328125,0.40768963600988806,1.2852614015567998,-115.0,-1,3.4157608695652173,0.9093655589123867,1,0.3828125,11,0.3793103448275862,LONG,LDN_HIGH,1.0
2025-09-22,CHOP,,,1,1,1,0,1,0,1,1,0,0,0,0,4,2,0,0,0,1,0,0,0,0,1,0,1,2,0,2,-0.5,0.3929273084479371,-1,55.79567779960707,0.6276604612388808,0.8120133481638927,631.0,1,1.3293431553100064,0.6330645161290323,1,0.444007858546169,14,0.4827586206896552,,,
2025-09-23,JUDAS,SHORT,ASIA_HIGH,1,0,1,1,1,1,1,1,0,0,0,0,4,3,0,0,1,0,0,3,0,3,0,0,0,0,1,1,0.25,0.4716981132075472,1,48.113207547169814,0.1042650736313907,-0.2033926585100967,-75.0,-1,2.142513529765484,0.17142857142857143,-1,0.5094339622641509,18,0.6206896551724138,,,
2025-09-24,CHOP,,,1,1,1,1,1,1,1,0,0,0,0,0,4,3,0,0,0,1,0,0,1,1,0,0,0,0,2,2,0.5,0.48543689320388345,1,70.63106796116504,0.017977215893115094,-0.24071190211452737,-53.0,-1,1.1354568854568856,0.25,-1,0.18446601941747573,16,0.5517241379310345,,,
2025-09-25,ACCEPTANCE,,,1,1,1,1,1,0,1,1,0,0,1,1,5,4,1,0,4,0,1,3,3,6,1,0,1,0,3,3,0.0,0.0,0,15.316205533596838,-0.437003334259818,0.8776974416014383,-1664.0,-1,1.305241396084154,0.761723700887199,-1,0.29446640316205536,15,0.5172413793103449,SHORT,LDN_LOW,1.0
2025-09-26,CHOP,,,1,1,1,1,1,1,1,1,1,1,0,0,5,5,0,0,1,2,0,5,3,8,1,1,2,1,0,1,0.25,0.1402524544179523,1,52.17391304347826,-0.8466449013616061,-0.21957730812106052,539.0,1,1.0816971713810315,0.3884992987377279,1,0.605890603085554,13,0.4482758620689655,,,
2025-09-29,ACCEPTANCE,,,1,1,1,1,1,1,1,0,1,1,0,0,5,4,0,0,0,1,0,3,5,8,0,0,0,0,1,1,-0.25,0.13315579227696406,-1,72.83621837549934,-0.2037788274523682,-0.7527252502784376,-425.0,-1,1.4113868613138685,0.6412556053811659,-1,0.2822902796271638,13,0.4482758620689655,LONG,ASIA_HIGH,1.0
2025-09-30,CHOP,,,1,0,1,0,1,0,1,1,0,0,1,1,5,2,0,0,0,1,0,1,1,2,1,0,1,1,0,1,-0.25,0.24509803921568626,-1,58.08823529411765,-0.15370936371233296,-0.34160177975653583,-15.0,-1,1.2577099236641223,0.16549295774647887,1,0.32598039215686275,16,0.5517241379310345,,,
2025-10-01,JUDAS,SHORT,ASIA_HIGH,1,1,1,0,1,1,1,1,0,0,1,1,5,4,0,1,0,3,1,3,2,5,0,0,0,1,1,2,0.5,0.20533880903490762,1,55.85215605749486,0.07174215059725254,-0.40456062291517647,-138.0,-1,1.619065997684292,0.5258855585831063,1,0.14784394250513347,16,0.5517241379310345,,,
2025-10-02,CHOP,,,1,1,1,1,1,1,1,1,1,1,0,0,5,5,0,0,0,4,0,1,0,1,1,0,1,1,0,1,0.5,0.2805049088359046,1,92.98737727910238,0.3892539594329193,-0.10706340378286314,485.0,1,0.8725970599321523,0.5563549160671463,1,0.17391304347826086,13,0.4482758620689655,,,
2025-10-03,CHOP,,,1,0,1,1,1,1,1,1,1,1,0,0,5,4,0,0,3,0,0,1,0,1,0,0,0,0,1,1,0.75,0.6072874493927125,1,49.392712550607285,-0.0050083356489353985,0.4452169076747716,-229.0,-1,2.0751953125,0.5240641711229946,-1,0.3441295546558704,14,0.4827586206896552,,,
2025-10-06,ACCEPTANCE,,,1,1,1,1,1,1,1,0,1,1,0,0,5,4,0,0,0,0,0,2,2,4,0,0,0,3,1,4,0.5,0.2028397565922921,1,88.13387423935092,-0.05312586829705256,0.5543937708559064,96.0,1,1.3446178259719652,0.7486338797814208,1,0.15618661257606492,14,0.4827586206896552,LONG,LDN_HIGH,1.0
2025-10-07,ACCEPTANCE,,,1,1,1,0,1,1,1,0,1,1,0,0,5,3,0,0,0,2,0,1,2,3,1,2,3,2,0,2,1.0,0.6557377049180327,1,75.73770491803279,0.5138510697413964,-1.2519466073422725,537.0,1,0.93717277486911,0.5976470588235294,1,0.4311475409836066,15,0.5172413793103449,LONG,LDN_HIGH,1.0
2025-10-08,CHOP,,,1,0,1,0,1,1,1,0,0,0,0,0,4,1,0,0,0,2,0,3,1,4,0,0,0,0,2,2,-0.25,0.2932551319648094,-1,68.62170087976538,0.5590441789383757,1.2176307007779956,507.0,1,2.57953488372093,0.05241935483870968,1,0.6334310850439883,14,0.4827586206896552,,,
2025-10-09,CHOP,,,1,1,1,0,1,1,1,1,1,1,0,0,5,4,0,0,0,0,0,3,0,3,0,0,0,0,0,0,-0.25,0.2506265664160401,-1,36.59147869674185,-0.0011253125869452,0.00934371523868796,128.0,1,1.868540719305498,0.75,1,0.20300751879699247,13,0.4482758620689655,,,
2025-10-10,JUDAS,LONG,LDN_LOW,1,0,1,1,1,0,1,1,1,1,0,0,5,3,0,0,1,0,0,2,3,5,1,1,2,2,2,4,0.0,0.0,0,49.64028776978417,-0.2403514865242202,-0.2520022246945303,67.0,1,1.7680365296803653,0.3881019830028329,-1,0.3980815347721823,18,0.6206896551724138,,,
2025-10-13,CHOP,,,1,0,1,1,1,1,1,0,0,0,0,0,4,2,0,0,0,3,0,2,5,7,1,0,1,0,1,1,0.25,0.061919504643962855,1,70.71207430340557,0.682821617115783,-0.5245828698559017,94.0,1,0.6721193858516286,0.3392,-1,0.2693498452012384,13,0.4482758620689655,,,
2025-10-14,ACCEPTANCE,,,1,1,1,1,1,0,1,1,1,1,1,1,6,5,0,0,1,0,0,4,7,11,2,1,3,1,3,4,-0.75,0.1384402399630826,-1,24.411628980156898,0.4101139205332625,-0.9481090100119909,-732.0,-1,2.2251155999026526,0.2672209026128266,-1,0.19012459621596678,18,0.6206896551724138,SHORT,ASIA_LOW,1.0
2025-10-15,ACCEPTANCE,,,1,1,1,1,1,1,1,0,1,1,0,0,5,4,0,0,0,3,0,1,2,3,0,0,0,1,0,1,-0.75,0.2631578947368421,-1,92.45614035087719,0.11901222561798312,-0.4733036707457057,236.0,1,1.799576570218772,0.7780548628428927,1,0.1456140350877193,13,0.4482758620689655,LONG,ASIA_HIGH,1.0
2025-10-16,ACCEPTANCE,,,1,1,1,1,1,1,1,0,0,0,0,0,4,3,0,0,1,1,0,4,3,7,1,0,1,1,1,2,0.0,0.0,0,77.19688542825361,-0.06011392053356824,-0.6800889877646445,-357.0,-1,1.533062054933876,0.3181818181818182,1,0.35372636262513907,11,0.3793103448275862,LONG,ASIA_HIGH,1.0
2025-10-17,BOTH,LONG,ASIA_LOW,1,1,1,0,1,1,1,1,0,0,1,1,5,4,0,0,1,0,0,3,4,7,0,0,0,2,0,2,-0.5,0.11148272017837235,-1,71.73913043478261,-0.544095582106446,-0.31484983314863046,-242.0,-1,1.7227760015046079,0.7419859265050821,1,0.17391304347826086,16,0.5517241379310345,LONG,LDN_HIGH,1.0
2025-10-20,ACCEPTANCE,,,1,0,1,1,1,1,1,0,1,1,0,0,5,3,0,0,0,3,0,3,1,4,1,0,1,1,0,1,0.0,0.0,0,85.13341804320204,0.8945540427895656,-0.14132369299298952,361.0,1,1.4769544181308887,0.4232456140350877,1,0.33290978398983484,15,0.5172413793103449,LONG,ASIA_HIGH,1.0
2025-10-21,BOTH,SHORT,LDN_HIGH,1,1,1,0,1,0,1,1,1,1,0,0,5,3,0,0,0,0,0,1,2,3,0,0,0,0,0,0,0.5,0.43478260869565216,1,35.0,-0.3521255904422067,-0.7105116796450615,-36.0,-1,1.4625729510276577,0.42920353982300885,1,0.34347826086956523,12,0.41379310344827586,SHORT,ASIA_LOW,1.0
2025-10-22,CHOP,,,1,0,1,1,1,1,1,1,0,0,0,0,4,3,0,0,0,2,0,1,2,3,1,0,1,2,1,3,0.25,0.18975332068311196,1,45.54079696394687,0.33810086135000816,0.631090100110294,325.0,1,1.396812423375562,0.05555555555555555,-1,0.2713472485768501,13,0.4482758620689655,,,
2025-10-23,CHOP,,,1,0,1,1,1,1,1,1,0,0,0,0,4,3,0,0,0,0,0,6,3,9,3,1,4,0,2,2,0.5,0.2617801047120419,1,41.753926701570684,0.8506668519032672,0.26968854282500176,57.0,1,0.5925381571509327,0.44212218649517687,-1,0.42408376963350786,12,0.41379310344827586,,,
2025-10-24,ACCEPTANCE,,,1,1,1,1,1,1,1,0,1,1,0,0,5,4,0,0,0,1,0,2,3,5,0,0,0,2,0,2,-0.25,0.10111223458038424,-1,78.76643073811931,0.06397610447318551,0.7252502780862301,-588.0,-1,1.1464010524337531,0.6569037656903766,1,0.7249747219413549,14,0.4827586206896552,LONG,LDN_HIGH,1.0
2025-10-27,ACCEPTANCE,,,1,1,1,1,1,1,1,0,1,1,0,0,5,4,0,1,0,2,1,1,2,3,0,1,1,2,0,2,0.25,0.16393442622950818,1,83.11475409836065,-0.007550708530272746,-0.2910456062295625,-72.0,-1,2.3963470319634705,0.384,1,0.17868852459016393,16,0.5517241379310345,LONG,ASIA_HIGH,1.0
2025-10-28,ACCEPTANCE,,,1,1,1,0,1,1,1,1,1,1,0,0,5,4,0,0,0,5,0,3,3,6,1,0,1,1,0,1,0.75,0.6224066390041494,1,91.70124481327801,0.9149555432062687,0.5893770856500836,1164.0,1,0.47244367417677635,0.8267326732673267,1,0.5186721991701245,17,0.5862068965517241,LONG,LDN_HIGH,1.0
2025-10-29,BOTH,LONG,LDN_LOW,1,0,1,1,1,1,1,0,1,1,0,0,5,3,0,0,0,1,0,1,1,2,1,0,1,1,0,1,0.75,0.5163511187607573,1,67.64199655765921,0.25527924423419857,-0.08409343715335285,-680.0,-1,1.7384205264911696,0.03558718861209965,-1,0.22030981067125646,19,0.6551724137931034,LONG,ASIA_HIGH,1.0
2025-10-30,ACCEPTANCE,,,1,1,1,1,1,0,1,1,1,1,0,0,5,4,0,0,2,0,0,3,6,9,0,1,1,1,4,5,0.0,0.0,0,6.885758998435055,-0.8437691025284912,0.8699666295876459,-1546.0,-1,0.8429356082739278,0.79456906729634,-1,0.30125195618153366,19,0.6551724137931034,SHORT,LDN_LOW,1.0
2025-10-31,CHOP,,,1,1,1,1,1,1,1,1,1,1,0,0,5,5,0,0,1,0,0,1,6,7,0,1,1,1,1,2,0.0,0.0,0,52.4701873935264,-0.9016879688806496,-0.3885428253623765,-564.0,-1,1.1087245770766014,0.07126948775055679,1,0.5281090289608177,12,0.41379310344827586,,,
2025-11-03,JUDAS,SHORT,ON_HIGH,1,1,1,0,1,1,1,0,1,1,0,0,5,3,0,0,0,1,0,4,1,5,1,0,1,2,0,2,1.0,0.4048582995951417,1,84.61538461538461,1.2573978883019397,0.15305895439299314,-62.0,-1,0.39985332464146023,0.6311926605504588,1,0.48380566801619435,16,0.5517241379310345,,,
2025-11-04,BOTH,LONG,LDN_LOW,1,1,1,1,1,1,1,1,0,0,1,1,5,5,1,0,4,0,1,6,4,10,1,1,2,2,1,3,0.0,0.0,0,19.368879216539717,0.6285148652402119,1.9559510567291536,246.0,1,1.4288449266113594,0.38305084745762713,1,0.14689880304678998,14,0.4827586206896552,SHORT,ASIA_LOW,1.0
2025-11-05,CHOP,,,1,1,1,1,1,1,1,0,0,0,1,1,5,4,0,0,0,4,0,4,2,6,0,0,0,2,2,4,0.25,0.07961783439490447,1,84.07643312101911,-0.28998332870259647,-1.2317018909906567,427.0,1,1.293918918918919,0.13671875,1,0.21019108280254778,15,0.5172413793103449,,,
2025-11-06,CHOP,,,1,1,1,0,1,1,1,0,0,0,0,0,4,2,0,0,0,0,0,1,9,10,0,2,2,2,2,4,0.0,0.0,0,30.73170731707317,-2.4866212836901087,-2.375417130145397,-623.0,-1,0.7169184791632077,0.31497418244406195,-1,0.7085365853658536,12,0.41379310344827586,,,
2025-11-07,ACCEPTANCE,,,1,0,1,1,1,1,1,1,0,0,1,1,5,4,0,0,2,2,0,5,5,10,1,1,2,1,3,4,0.25,0.08532423208191127,1,13.737201365187712,-0.046846346207389304,-0.5358175750840228,-142.0,-1,1.2985674353598882,0.7175925925925926,-1,0.2568259385665529,14,0.4827586206896552,SHORT,LDN_LOW,1.0
2025-11-10,ACCEPTANCE,,,1,0,1,1,1,1,1,0,1,1,0,0,5,3,0,1,0,3,1,3,6,9,0,1,1,0,0,0,0.5,0.16638935108153077,1,90.09983361064891,-0.20090302861926604,-0.18620689655219697,-441.0,-1,1.9408108907960933,0.21363636363636362,-1,0.12479201331114809,17,0.5862068965517241,LONG,ASIA_HIGH,1.0
2025-11-11,BOTH,LONG,ON_LOW,1,1,1,1,1,0,1,1,1,1,0,0,5,4,1,0,3,1,1,5,3,8,1,0,1,0,1,1,0.0,0.0,0,16.243654822335024,0.302979994442836,0.884315906562049,-164.0,-1,1.3181703945715004,0.009868421052631578,1,0.2652284263959391,16,0.5517241379310345,SHORT,ASIA_LOW,1.0
2025-11-12,BOTH,SHORT,ASIA_HIGH,1,0,1,1,1,1,1,1,1,1,0,0,5,4,0,0,0,0,0,2,1,3,0,1,1,1,2,3,-0.5,0.24937655860349126,-1,75.31172069825436,-0.33159210891929003,-0.3497219132378793,-313.0,-1,1.4224655598728364,0.3669724770642202,-1,0.185785536159601,15,0.5172413793103449,SHORT,LDN_LOW,0.9833333333333333
2025-11-13,ACCEPTANCE,,,1,0,1,1,1,0,1,1,0,0,1,1,5,3,0,0,2,0,0,3,9,12,0,2,2,0,0,0,-1.0,0.34904013961605584,-1,9.947643979057592,-1.5227771603224767,-0.64860956618534,-739.0,-1,0.742911877394636,0.546975546975547,-1,0.493891797556719,15,0.5172413793103449,SHORT,LDN_LOW,1.0
2025-11-14,BOTH,LONG,ON_LOW,1,1,1,1,1,0,1,1,0,0,1,1,5,4,0,0,0,0,0,3,4,7,1,0,1,0,2,2,-0.25,0.04972650422675286,-1,16.011934361014422,1.131446235065194,0.7689655172406176,676.0,1,1.102834844485252,0.6286137879911046,-1,0.2123321730482347,15,0.5172413793103449,SHORT,ASIA_LOW,1.0
2025-11-17,JUDAS,LONG,ON_LOW,1,0,1,1,1,1,1,0,1,1,0,0,5,3,0,0,3,1,0,2,7,9,0,0,0,0,2,2,0.5,0.13559322033898305,1,1.0169491525423728,-0.6085926646292905,-1.4851501668523375,-545.0,-1,1.3323906172017965,0.9647946353730092,-1,0.29559322033898305,12,0.41379310344827586,,,
2025-11-18,CHOP,,,1,1,1,0,1,0,1,0,0,0,1,1,5,2,0,0,2,1,0,5,6,11,0,0,0,0,0,0,-1.0,0.28109627547434995,-1,31.131412508784255,-0.18218255070865183,-0.9724694104563553,-423.0,-1,1.2368511515984875,0.6586666666666666,-1,0.20309205903021785,18,0.6206896551724138,,,
2025-11-19,CHOP,,,1,1,1,1,1,1,1,1,0,0,0,0,4,4,0,0,5,1,0,1,2,3,0,1,1,0,2,2,0.25,0.08673026886383348,1,62.18560277536861,-1.0782231175328378,-1.281368186874768,-47.0,-1,1.405926527298559,0.44842105263157894,-1,0.32090199479618386,15,0.5172413793103449,,,
2025-11-20,ACCEPTANCE,,,1,1,1,1,1,1,1,1,1,1,0,0,5,5,0,0,0,2,0,8,4,12,1,0,1,2,0,2,0.5,0.16155088852988692,1,83.84491114701132,0.4370658516252267,-0.46596218020080854,-270.0,-1,1.0702616970658207,0.654639175257732,1,0.44345718901453957,15,0.5172413793103449,LONG,PDH,1.0
2025-11-21,JUDAS,SHORT,ON_HIGH,1,1,1,1,1,1,1,1,0,0,1,1,5,5,0,1,2,3,1,5,6,11,1,1,2,3,0,3,-0.5,0.12903225806451613,-1,74.19354838709677,-0.6291400389000492,-1.5230812013357589,56.0,1,1.360231769361221,0.3741935483870968,1,0.2509677419354839,12,0.41379310344827586,,,
2025-11-24,CHOP,,,1,1,1,0,1,1,1,1,0,0,0,0,4,3,0,0,0,0,0,6,3,9,2,1,3,1,0,1,0.25,0.11750881316098707,1,75.67567567567568,0.0016601833839870169,0.9390433815345285,99.0,1,0.9144572286143072,0.42538190364277323,1,0.39247943595769685,15,0.5172413793103449,,,
2025-11-25,ACCEPTANCE,,,1,1,1,0,1,1,1,1,0,0,0,0,4,3,0,0,2,0,0,4,5,9,0,2,2,1,1,2,-0.25,0.1519756838905775,-1,21.88449848024316,-1.1852320088917745,-0.6341490545057015,-541.0,-1,1.018091286307054,0.01971326164874552,-1,0.7173252279635258,16,0.5517241379310345,SHORT,ASIA_LOW,1.0
2025-11-26,ACCEPTANCE,,,1,0,1,1,1,1,1,1,1,1,0,0,5,4,0,0,0,2,0,7,2,9,0,1,1,2,1,3,-0.25,0.14326647564469913,-1,94.84240687679083,0.20337593776020782,0.9445494994434047,311.0,1,1.1862264150943396,0.7004504504504504,1,0.3237822349570201,19,0.6551724137931034,LONG,PDH,1.0
2025-11-27,CHOP,,,1,1,1,1,1,0,1,1,0,0,0,0,4,3,0,0,1,1,0,1,0,1,0,0,0,0,0,0,0.0,0.0,0,23.97959183673469,-0.12358988607968678,0.15689655172356642,215.0,1,0.7897574123989218,0.21428571428571427,-1,0.5,15,0.5172413793103449,,,
2025-11-28,BOTH,LONG,ASIA_LOW,0,0,0,0,1,1,1,1,1,1,0,0,3,3,0,0,0,0,0,2,3,5,0,1,1,0,0,0,1.75,1.7994858611825193,1,61.95372750642674,-0.27254529514933584,-0.7358175750841836,-250.0,-1,2.3294223826714804,0.16097560975609757,-1,0.5269922879177378,13,0.4482758620689655,LONG,PDH,1.0
2025-12-01,JUDAS,LONG,ASIA_LOW,1,1,1,1,1,0,1,1,1,1,1,1,6,5,0,0,0,1,0,4,3,7,0,0,0,0,1,1,0.0,0.0,0,18.568391211906448,0.5252709085853673,-0.0715239154627787,-56.0,-1,1.325445292620865,0.20977596741344195,-1,0.18284904323175052,14,0.4827586206896552,,,
2025-12-02,ACCEPTANCE,,,1,1,1,0,1,1,1,1,1,1,0,0,5,4,0,0,0,0,0,5,4,9,1,0,1,2,0,2,0.0,0.0,0,87.75252525252525,0.32460405668233655,-0.34766407119090464,-302.0,-1,0.6727426875794827,0.6782608695652174,1,0.21338383838383837,12,0.41379310344827586,LONG,LDN_HIGH,1.0
2025-12-03,ACCEPTANCE,,,1,0,1,1,1,0,1,1,1,1,0,0,5,3,0,0,1,0,0,4,9,13,0,2,2,0,1,1,0.75,0.2921129503407984,1,26.777020447906523,-4.662802167268917,-3.9703559510573965,-327.0,-1,0.48045137736475274,0.5814634146341463,-1,0.9746835443037974,9,0.3103448275862069,SHORT,LDN_LOW,1.0
2025-12-04,JUDAS,SHORT,LDN_HIGH,1,1,1,0,1,1,1,0,1,1,0,0,5,3,0,0,0,0,0,5,3,8,2,0,2,1,1,2,-0.75,0.5802707930367506,-1,83.55899419729207,1.5034106696304406,1.5788097886537873,795.0,1,0.6198372329603254,0.21444201312910285,1,0.8839458413926499,10,0.3448275862068966,,,
2025-12-05,CHOP,,,1,0,1,1,1,1,1,1,1,1,0,0,5,4,0,0,2,0,0,5,5,10,1,2,3,1,2,3,0.5,0.2840909090909091,1,54.97159090909091,0.2822450680740626,1.487819799777378,602.0,1,1.4226315789473682,0.2754777070063694,-1,0.6221590909090909,14,0.4827586206896552,,,
2025-12-08,CHOP,,,1,1,1,1,1,1,1,0,0,0,0,0,4,3,0,0,1,0,0,2,4,6,0,0,0,2,0,2,-0.5,0.3766478342749529,-1,71.939736346516,0.2691094748540627,-0.6594549499450097,328.0,1,2.1424000000000003,0.31560283687943264,1,0.3163841807909605,19,0.6551724137931034,,,
2025-12-09,BOTH,LONG,PDL,1,1,1,1,1,0,1,1,0,0,0,0,4,3,0,0,3,0,0,1,5,6,0,0,0,0,0,0,0.25,0.1773049645390071,1,14.184397163120568,-0.5489719366492593,-0.6032258064523061,-411.0,-1,1.2014569907537125,0.4543269230769231,-1,0.4521276595744681,16,0.5517241379310345,SHORT,ASIA_LOW,1.0
2025-12-10,ACCEPTANCE,,,1,0,1,1,1,1,1,1,1,1,0,0,5,4,0,0,0,1,0,0,2,2,0,1,1,2,2,4,-0.25,0.1926782273603083,-1,25.626204238921,-0.7440747429843022,-0.4275305895446808,-730.0,-1,1.102626459143969,0.5211864406779662,-1,0.5973025048169557,14,0.4827586206896552,SHORT,LDN_LOW,1.0
2025-12-11,JUDAS,SHORT,LDN_HIGH,1,1,1,1,1,1,1,0,0,0,1,1,5,4,0,0,1,0,0,2,4,6,1,0,1,3,0,3,0.25,0.06053268765133172,1,65.61743341404357,0.2335787718805779,0.7040044493875969,358.0,1,1.5454239569313593,0.4214876033057851,1,0.13317191283292978,11,0.3793103448275862,,,
2025-12-12,ACCEPTANCE,,,1,1,1,1,1,1,1,1,1,0,0,0,5,4,0,0,0,2,0,2,2,4,1,0,1,1,1,2,-0.25,0.12453300124533001,-1,24.65753424657534,0.24626979716575667,-1.3589543937713704,26.0,1,1.9859019545017622,0.07017543859649122,-1,0.35242839352428396,11,0.3793103448275862,SHORT,ASIA_LOW,1.0
2025-12-15,JUDAS,SHORT,ON_HIGH,1,1,1,1,1,1,1,0,0,0,0,0,4,3,0,0,0,0,0,2,2,4,1,0,1,1,0,1,0.25,0.09017132551848511,1,97.5653742110009,0.7368574604054585,-0.20723025584045088,101.0,1,1.5948568655992235,0.8328445747800587,1,0.20559062218214608,14,0.4827586206896552,,,
2025-12-16,CHOP,,,1,1,1,0,1,1,1,1,0,0,1,1,5,4,0,0,1,0,0,4,8,12,0,0,0,3,0,3,0.75,0.23942537909018355,1,48.922585794094175,-1.3180814115034438,0.3279755283641533,-558.0,-1,1.1053807484639733,0.19107551487414187,1,0.515562649640862,10,0.3448275862068966,,,
2025-12-17,JUDAS,SHORT,PDH,1,1,1,1,1,1,1,1,1,1,0,0,5,5,0,0,1,2,0,4,3,7,0,1,1,0,1,1,0.0,0.0,0,68.23770491803278,0.10373714920774307,-1.3296996662965137,-1020.0,-1,0.9285410463632497,0.31277533039647576,-1,0.29508196721311475,16,0.5517241379310345,,,
2025-12-18,ACCEPTANCE,,,1,1,1,1,1,1,1,0,0,0,0,0,4,3,0,0,0,1,0,5,1,6,2,0,2,1,0,1,0.5,0.13029315960912052,1,96.09120521172639,1.4903653792716973,1.2125695216903194,134.0,1,0.9715263731134277,0.7832009080590239,1,0.4671009771986971,9,0.3103448275862069,LONG,LDN_HIGH,1.0
2025-12-19,ACCEPTANCE,,,1,0,1,1,1,1,1,0,0,0,0,0,4,2,0,0,0,2,0,5,3,8,1,0,1,0,0,0,-0.25,0.13605442176870747,-1,82.99319727891157,0.8852806335090023,2.175139043380829,1443.0,1,3.5120394545982014,0.20224719101123595,-1,0.49523809523809526,11,0.3793103448275862,LONG,ASIA_HIGH,1.0
2025-12-22,BOTH,LONG,LDN_LOW,1,1,1,1,1,1,1,0,1,1,0,0,5,4,0,0,0,4,0,3,1,4,1,0,1,1,0,1,-0.25,0.16638935108153077,-1,99.50083194675541,0.7176160044455537,0.8483314794208822,5.0,1,1.3181293302540416,0.8,1,0.34442595673876875,16,0.5517241379310345,LONG,PDH,1.0
2025-12-23,JUDAS,SHORT,ASIA_HIGH,1,1,1,1,1,0,1,1,0,0,1,1,5,4,0,0,1,1,0,3,4,7,0,1,1,0,2,2,-0.5,0.38314176245210724,-1,26.436781609195403,-0.43896221172570826,0.5122358175742453,-723.0,-1,0.6110655737704919,0.6316916488222698,-1,0.5421455938697318,16,0.5517241379310345,,,
2025-12-24,JUDAS,SHORT,ASIA_HIGH,1,1,1,1,1,1,1,0,1,1,0,0,5,4,0,0,0,1,0,1,0,1,0,0,0,1,0,1,-0.25,0.4608294930875576,-1,35.483870967741936,-0.10697415948898432,-0.48676307007853054,-161.0,-1,1.9657273419649657,0.05405405405405406,-1,0.7511520737327189,16,0.5517241379310345,,,
2025-12-26,JUDAS,SHORT,ON_HIGH,1,1,1,0,1,1,1,1,0,0,0,0,4,3,0,0,1,3,0,1,3,4,1,1,2,0,0,0,-0.25,0.3125,-1,70.9375,-0.09848569046965204,0.314961067852695,-38.0,-1,1.8760330578512396,0.4166666666666667,1,0.40625,16,0.5517241379310345,,,
2025-12-29,ACCEPTANCE,,,1,1,1,1,1,0,1,1,0,0,1,1,5,4,0,0,3,0,0,3,4,7,0,1,1,1,2,3,0.0,0.0,0,17.616033755274263,-1.2111906085023958,-0.3315906562859131,648.0,1,2.2729990036532715,0.51875,-1,0.4029535864978903,17,0.5862068965517241,SHORT,ASIA_LOW,1.0
2025-12-30,JUDAS,LONG,LDN_LOW,1,0,1,0,1,0,1,1,0,0,0,0,4,1,0,0,0,0,0,2,4,6,0,0,0,1,1,2,0.5,0.7117437722419928,1,16.370106761565836,0.038177271464087836,-0.14922135706419393,-388.0,-1,1.6482573726541556,0.7981651376146789,-1,0.6263345195729537,16,0.5517241379310345,,,
2025-12-31,CHOP,,,1,1,1,0,1,1,1,1,0,0,1,1,5,4,0,0,0,2,0,6,0,6,2,0,2,3,0,3,0.25,0.15220700152207,1,82.95281582952816,0.8787718810777729,-0.6861512791999311,353.0,1,1.1590998815633635,0.7624398073836276,1,0.4596651445966514,11,0.3793103448275862,,,
2026-01-02,CHOP,,,1,0,1,1,1,1,1,1,0,0,0,0,4,3,0,0,0,0,0,3,1,4,0,1,1,0,1,1,0.0,0.0,0,80.37383177570094,-0.3585023617673903,-0.84454949944464,-132.0,-1,1.4271495714680675,0.6211180124223602,-1,0.15208156329651656,13,0.4482758620689655,,,
2026-01-05,ACCEPTANCE,,,1,1,1,1,1,1,1,0,0,0,0,0,4,3,0,0,1,0,0,7,1,8,1,0,1,2,0,2,0.25,0.10845986984815618,1,93.16702819956616,1.557418727423945,1.2916573971073013,16.0,1,1.0286219081272086,0.8551859099804305,1,0.44577006507592193,13,0.4482758620689655,LONG,ASIA_HIGH,1.0
2026-01-06,CHOP,,,1,1,1,0,1,1,1,1,0,0,1,1,5,4,1,0,2,0,1,2,3,5,0,1,1,1,0,1,-0.75,0.5110732538330494,-1,70.6984667802385,-0.2145318143933906,0.6543937708558059,-19.0,-1,1.023167075497411,0.5587301587301587,1,0.3185689948892675,15,0.5172413793103449,,,
2026-01-07,JUDAS,LONG,ASIA_LOW,1,1,1,0,1,1,1,1,1,1,0,0,5,4,0,0,1,0,0,3,4,7,0,0,0,1,0,1,0.5,0.42462845010615713,1,50.74309978768577,-0.1330300083359704,0.17319243603911322,176.0,1,1.3169519602429596,0.5,1,0.27388535031847133,10,0.3448275862068966,,,
2026-01-08,CHOP,,,1,1,1,1,1,0,1,1,0,0,1,1,5,4,0,0,1,0,0,1,2,3,0,0,0,0,0,0,-0.25,0.13908205841446453,-1,61.474269819193324,-0.16676854681892458,-0.5300333704125442,-177.0,-1,1.118416748446189,0.1861198738170347,1,0.22253129346314326,16,0.5517241379310345,,,
2026-01-09,JUDAS,LONG,LDN_LOW,1,1,1,1,1,1,1,0,1,1,0,0,5,4,0,0,0,1,0,2,6,8,0,2,2,2,2,4,0.0,0.0,0,45.627376425855516,-0.8896360100030705,-4.079755283649003,-1105.0,-1,1.169265563623378,0.026052104208416832,-1,0.632446134347275,16,0.5517241379310345,,,
2026-01-12,ACCEPTANCE,,,1,1,1,0,1,0,1,1,0,0,0,0,4,2,0,1,1,3,1,1,3,4,0,0,0,0,0,0,-1.25,0.38197097020626436,-1,31.70359052711994,-0.271589330369697,-0.5412680756400312,-271.0,-1,1.69385154507805,0.49185667752442996,1,0.12299465240641712,16,0.5517241379310345,LONG,LDN_HIGH,0.9833333333333333
2026-01-13,CHOP,,,1,1,1,1,1,1,1,0,1,1,0,0,5,4,0,0,0,1,0,3,6,9,0,0,0,1,0,1,-0.5,0.2503128911138924,-1,58.072590738423024,-0.3456585162546536,0.7074527252499994,-395.0,-1,1.365759691789068,0.2757142857142857,1,0.7008760951188986,18,0.6206896551724138,,,
2026-01-14,ACCEPTANCE,,,1,1,1,1,1,0,1,1,0,0,1,1,5,4,0,0,1,1,0,2,5,7,0,0,0,1,1,2,-0.75,0.33407572383073497,-1,16.815144766146993,-0.27474298416255677,-0.16262513904400144,85.0,1,1.2868915786762811,0.7381342062193126,-1,0.32516703786191536,13,0.4482758620689655,SHORT,LDN_LOW,1.0
2026-01-15,BOTH,SHORT,ON_HIGH,1,1,1,1,1,1,1,0,1,1,0,0,5,4,0,0,0,4,0,4,2,6,1,0,1,1,0,1,-0.25,0.06435006435006435,-1,99.03474903474904,0.925819672130799,1.286484983313996,567.0,1,1.9184576485461442,0.9155629139072847,1,0.24581724581724582,16,0.5517241379310345,LONG,LDN_HIGH,1.0
2026-01-16,JUDAS,SHORT,ON_HIGH,1,1,1,1,1,1,1,1,0,0,0,0,4,4,1,0,2,2,1,3,1,4,0,0,0,1,1,2,0.0,0.0,0,89.64028776978418,0.5123298138369485,0.8863181312563265,-467.0,-1,2.9464771696401573,0.5526315789473685,1,0.3985611510791367,12,0.41379310344827586,,,
2026-01-19,ACCEPTANCE,,,1,1,1,0,1,0,1,1,0,0,1,1,5,3,0,0,0,0,0,3,2,5,0,0,0,2,0,2,-1.5,0.7001166861143524,-1,13.652275379229872,-0.39298416226760297,-1.5028364849838913,34.0,1,0.8907391177329829,0.03305785123966942,1,0.30921820303383896,18,0.6206896551724138,SHORT,ASIA_LOW,1.0
2026-01-20,JUDAS,LONG,PDL,1,1,1,0,1,0,1,1,1,1,1,1,6,4,0,0,2,1,0,1,5,6,0,0,0,0,0,0,0.0,0.0,0,40.42089985486212,0.09212281189206842,-0.7288654060072793,19.0,1,1.3350062735257215,0.5839311334289814,1,0.2365747460087083,14,0.4827586206896552,,,
2026-01-21,JUDAS,LONG,LDN_LOW,1,0,1,1,1,1,1,1,0,0,1,1,5,4,0,0,0,2,0,6,3,9,2,0,2,2,3,5,0.5,0.2145922746781116,1,81.11587982832617,3.605793275909891,5.720745272524114,2296.0,1,0.8511408909815285,0.33798283261802575,1,0.9313304721030042,15,0.5172413793103449,,,
2026-01-22,JUDAS,SHORT,LDN_HIGH,1,1,1,1,1,1,1,1,1,1,0,0,5,5,0,0,0,5,0,7,3,10,1,0,1,0,0,0,-0.5,0.1953125,-1,94.23828125,0.4794248402335109,0.2186874304779729,471.0,1,1.460499490316004,0.34365325077399383,1,0.240234375,12,0.41379310344827586,,,
2026-01-23,CHOP,,,1,1,1,0,1,1,1,1,0,0,0,0,4,3,1,0,2,0,1,2,3,5,0,0,0,1,2,3,0.25,0.130718954248366,1,35.42483660130719,-0.14065018060606405,0.7807007786424924,-231.0,-1,1.4713607152835988,0.4583333333333333,1,0.27058823529411763,13,0.4482758620689655,,,
2026-01-26,ACCEPTANCE,,,1,0,1,1,1,1,1,0,0,0,1,1,5,3,0,0,0,0,0,5,1,6,2,0,2,4,0,4,-0.25,0.06609385327164573,-1,98.61202908129543,1.0905043067517604,-0.00873192436143701,367.0,1,1.2864161849710984,0.9516441005802708,1,0.2260409781890284,12,0.41379310344827586,LONG,ASIA_HIGH,1.0
2026-01-27,CHOP,,,1,1,1,1,1,1,1,1,1,1,0,0,5,5,0,0,3,0,0,1,2,3,0,0,0,1,0,1,-0.5,0.24449877750611246,-1,79.5843520782396,-0.07961933870561748,-0.27680756396029055,-609.0,-1,1.6174204355108879,0.3801369863013699,1,0.14180929095354522,16,0.5517241379310345,,,
2026-01-28,ACCEPTANCE,,,1,1,1,1,1,1,1,1,1,1,0,0,5,5,0,0,3,0,0,2,2,4,0,0,0,0,1,1,0.25,0.10515247108307045,1,60.56782334384858,-0.534176160044862,-0.8408231368189383,-497.0,-1,1.5400271370420624,0.33604336043360433,-1,0.21345951629863302,13,0.4482758620689655,LONG,PDH,1.0
2026-01-29,ACCEPTANCE,,,1,0,1,1,1,1,1,0,0,0,1,1,5,3,0,0,0,0,0,3,4,7,1,1,2,1,2,3,0.0,0.0,0,28.50356294536817,-0.816893581550579,-1.1645717463853587,-735.0,-1,1.1507166947723442,0.6285714285714286,-1,0.33966745843230406,12,0.41379310344827586,SHORT,LDN_LOW,1.0
2026-01-30,BOTH,SHORT,ASIA_HIGH,1,1,1,0,1,1,1,1,0,0,0,0,4,3,0,0,3,1,0,1,3,4,0,0,0,2,0,2,-0.5,0.1350438892640108,-1,48.413234301147874,0.24397749374790592,-0.19721913236984084,408.0,1,1.0365225184853235,0.6189349112426036,1,0.3659689399054693,10,0.3448275862068966,LONG,LDN_HIGH,1.0
2026-02-02,BOTH,LONG,PDL,1,1,1,1,1,0,1,1,0,0,1,1,5,4,0,0,1,4,0,3,3,6,2,0,2,2,1,3,0.25,0.05370569280343716,1,75.7250268528464,1.215045846068215,-0.35617352614042525,702.0,1,0.9297202026878165,0.5418006430868167,1,0.19119226638023631,12,0.41379310344827586,LONG,LDN_HIGH,1.0
2026-02-03,BOTH,SHORT,PDH,1,0,1,1,1,1,1,1,1,1,0,0,5,4,0,0,1,0,0,0,2,2,0,0,0,1,0,1,0.0,0.0,0,44.651162790697676,-0.8231800500140971,-1.123748609566799,-282.0,-1,1.7797716150081566,0.290625,-1,0.4108527131782946,14,0.4827586206896552,SHORT,LDN_LOW,1.0
2026-02-04,ACCEPTANCE,,,1,0,1,1,1,1,1,1,0,0,0,0,4,3,0,0,1,0,0,4,4,8,0,2,2,0,1,1,0.25,0.13210039630118892,1,29.06208718626156,-0.8081411503197075,0.6295328142371889,-422.0,-1,1.0016632785067454,0.1510574018126888,-1,0.4914134742404227,15,0.5172413793103449,SHORT,ASIA_LOW,0.9833333333333333
2026-02-05,ACCEPTANCE,,,1,1,1,1,1,0,1,1,0,0,1,1,5,4,0,0,1,0,0,4,5,9,0,1,1,0,3,3,1.5,0.3250270855904659,1,12.946912242686889,-1.4240275076411213,-2.752224694105103,423.0,1,1.1456501619620547,0.6950585175552666,-1,0.3120260021668472,14,0.4827586206896552,SHORT,LDN_LOW,1.0
2026-02-06,ACCEPTANCE,,,1,1,1,1,1,1,1,1,0,0,1,1,5,5,0,0,1,0,0,1,4,5,0,0,0,2,0,2,-0.25,0.03946329913180742,-1,82.71507498026835,-0.7513337038067305,-0.5407675194666144,-651.0,-1,1.4118372379778052,0.08372093023255814,1,0.1637726913970008,21,0.7241379310344828,LONG,ASIA_HIGH,1.0
2026-02-09,JUDAS,LONG,ON_LOW,1,1,1,1,1,0,1,1,1,1,0,0,5,4,0,0,1,1,0,2,4,6,0,0,0,1,0,1,-0.75,0.1984126984126984,-1,25.264550264550266,-1.0163378716313327,-0.874304783093043,-1150.0,-1,1.5526437847866421,0.07076101468624833,-1,0.22685185185185186,15,0.5172413793103449,,,
2026-02-10,JUDAS,LONG,ASIA_LOW,1,1,1,1,1,1,1,0,0,0,0,0,4,3,0,0,0,1,0,2,1,3,0,0,0,2,2,4,-0.5,0.34965034965034963,-1,76.74825174825175,1.1184843011944459,0.7397107897658658,349.0,1,1.2172693266832917,0.2205029013539652,1,0.6748251748251748,13,0.4482758620689655,,,
2026-02-11,JUDAS,SHORT,ON_HIGH,1,1,1,1,1,1,1,1,1,0,1,1,6,5,0,0,0,3,0,9,1,10,2,0,2,4,0,4,0.5,0.1635322976287817,1,95.33932951757971,2.0020908585716506,-0.5074527252506364,2158.0,1,0.7707720330671151,0.7293540474243663,1,0.6999182338511856,17,0.5862068965517241,,,
2026-02-12,JUDAS,SHORT,LDN_HIGH,1,1,1,1,1,1,1,1,0,0,0,0,4,4,0,0,0,0,0,5,4,9,1,1,2,1,1,2,1.5,0.7017543859649122,1,69.5906432748538,-0.18075854404014077,-0.746051167965184,-273.0,-1,1.395545055686804,0.017587939698492462,-1,0.41403508771929826,18,0.6206896551724138,,,
2026-02-13,JUDAS,LONG,ON_LOW,1,1,1,1,1,1,1,1,0,0,1,1,5,5,0,0,1,1,0,4,6,10,0,1,1,1,3,4,0.25,0.1023541453428864,1,48.20880245649949,-0.6818213392610143,-2.4727474972199297,-626.0,-1,1.0632553355618413,0.15166461159062886,-1,0.5568065506653019,16,0.5517241379310345,,,
2026-02-16,ACCEPTANCE,,,1,0,1,1,1,1,1,0,0,0,0,0,4,2,0,1,0,2,1,1,6,7,0,4,4,0,1,1,0.75,0.44709388971684055,1,3.427719821162444,-1.9728257849404505,-2.9822580645173438,-697.0,-1,1.7972082202404032,0.9636075949367089,-1,0.7213114754098361,16,0.5517241379310345,SHORT,LDN_LOW,1.0
2026-02-17,JUDAS,SHORT,PDH,1,1,1,1,1,1,1,1,1,1,1,1,6,6,0,0,1,1,0,5,6,11,1,0,1,0,2,2,-0.5,0.15408320493066258,-1,41.910631741140215,1.3180258405109195,0.7266407119019959,362.0,1,0.8412327311370882,0.17222963951935916,-1,0.39522342064714944,16,0.5517241379310345,,,
2026-02-18,CHOP,,,1,1,1,1,1,1,1,0,1,1,0,0,5,4,0,0,1,0,0,0,4,4,0,1,1,0,2,2,0.0,0.0,0,48.23304680038205,-0.9649694359546211,0.1572858731918067,-946.0,-1,1.0795990566037736,0.5243506493506493,-1,0.4326647564469914,14,0.4827586206896552,,,
2026-02-19,CHOP,,,1,0,1,1,1,1,1,1,0,0,0,0,4,3,0,0,3,1,0,7,6,13,0,1,1,0,1,1,-0.25,0.09765625,-1,16.015625,0.06920672408973834,0.4815906562840324,-281.0,-1,1.5558641975308642,0.4821002386634845,-1,0.32421875,16,0.5517241379310345,,,
2026-02-20,JUDAS,LONG,ON_LOW,1,0,1,1,1,1,1,1,1,1,1,1,6,5,0,0,1,0,0,3,7,10,0,2,2,0,4,4,-0.25,0.08680555555555555,-1,6.076388888888888,-1.0481592108921365,-2.494048943270645,-693.0,-1,1.8036363636363635,0.874,-1,0.5807291666666666,12,0.41379310344827586,,,
