strategy_name,setup_type,day_type,trend_strength,session_date,entry_time,exit_time,bars_held,direction,contracts,signal_price,entry_price,exit_price,stop_price,target_price,gross_pnl,commission,slippage_cost,net_pnl,exit_reason,r_multiple,is_winner
Opening Range Rev,OR_REVERSAL_SHORT,neutral,moderate,2025-02-20 00:00:00,2025-02-20 10:30:00,2025-02-20 10:36:00,6,SHORT,3,23107.5,23107.5,22987.68,23167.91,22987.43,718.95,3.72,3.0,712.23,TARGET,1.98,1
Edge Fade,EDGE_TO_MID,b_day,weak,2025-02-21 00:00:00,2025-02-21 10:30:00,2025-02-21 10:45:00,15,LONG,4,22918.25,22918.25,22872.42,22872.67,23009.5,-366.6,4.96,4.0,-375.56,STOP,-1.01,0
Edge Fade,EDGE_TO_MID,b_day,weak,2025-02-21 00:00:00,2025-02-21 11:00:00,2025-02-21 11:53:00,53,LONG,4,22918.75,22918.75,22872.42,22872.67,23009.5,-370.6,4.96,4.0,-379.56,STOP,-1.01,0
Edge Fade,EDGE_TO_MID,b_day,weak,2025-02-21 00:00:00,2025-02-21 11:21:00,2025-02-21 11:53:00,32,LONG,3,22929.75,22929.75,22872.42,22872.67,23009.5,-343.95,3.72,3.0,-350.67,STOP,-1.0,0
Edge Fade,EDGE_TO_MID,b_day,weak,2025-02-21 00:00:00,2025-02-21 11:58:00,2025-02-21 12:11:00,13,LONG,5,22907.5,22907.5,22872.42,22872.67,23009.5,-350.75,6.2,5.0,-361.95,STOP,-1.01,0
IB Retest,IB_RETEST_BEAR,p_day,moderate,2025-02-21 00:00:00,2025-02-21 10:34:00,2025-02-21 12:38:00,124,SHORT,1,22896.75,22896.75,22799.25,23114.75,22799.0,195.0,1.24,1.0,192.76,TARGET,0.45,1
Opening Range Rev,OR_REVERSAL_SHORT,neutral,moderate,2025-02-24 00:00:00,2025-02-24 10:30:00,2025-02-24 10:31:00,1,SHORT,2,22650.75,22650.75,22455.1,22749.08,22454.85,782.6,2.48,2.0,778.12,TARGET,1.99,1
Edge Fade,EDGE_TO_MID,b_day,weak,2025-02-24 00:00:00,2025-02-24 10:38:00,2025-02-24 11:43:00,65,LONG,1,22411.0,22411.0,22530.75,22293.42,22531.0,239.5,1.24,1.0,237.26,TARGET,1.02,1
Edge Fade,EDGE_TO_MID,b_day,weak,2025-02-24 00:00:00,2025-02-24 10:58:00,2025-02-24 11:43:00,45,LONG,2,22369.75,22369.75,22530.75,22293.42,22531.0,644.0,2.48,2.0,639.52,TARGET,2.11,1
Edge Fade,EDGE_TO_MID,b_day,weak,2025-02-25 00:00:00,2025-02-25 10:31:00,2025-02-25 12:43:00,132,LONG,2,21964.5,21964.5,22126.38,21884.34,22126.62,647.5,2.48,2.0,643.02,TARGET,2.02,1
Edge Fade,EDGE_TO_MID,b_day,weak,2025-02-25 00:00:00,2025-02-25 11:07:00,2025-02-25 12:43:00,96,LONG,2,21977.5,21977.5,22126.38,21884.34,22126.62,595.5,2.48,2.0,591.02,TARGET,1.6,1
Edge Fade,EDGE_TO_MID,b_day,weak,2025-02-25 00:00:00,2025-02-25 11:29:00,2025-02-25 12:43:00,74,LONG,2,21956.5,21956.5,22126.38,21884.34,22126.62,679.5,2.48,2.0,675.02,TARGET,2.35,1
Edge Fade,EDGE_TO_MID,b_day,weak,2025-02-26 00:00:00,2025-02-26 13:08:00,2025-02-26 13:40:00,32,LONG,3,22131.75,22131.75,22073.15,22073.4,22193.0,-351.6,3.72,3.0,-358.32,STOP,-1.0,0
Edge Fade,EDGE_TO_MID,b_day,weak,2025-02-26 00:00:00,2025-02-26 13:28:00,2025-02-26 13:40:00,12,LONG,3,22132.5,22132.5,22073.15,22073.4,22193.0,-356.1,3.72,3.0,-362.82,STOP,-1.0,0
Opening Range Rev,OR_REVERSAL_SHORT,neutral,moderate,2025-02-27 00:00:00,2025-02-27 10:30:00,2025-02-27 14:25:00,235,SHORT,1,22186.5,22186.5,21859.0,22186.5,21858.75,655.0,1.24,1.0,652.76,TARGET,0.0,1
Opening Range Rev,OR_REVERSAL_SHORT,neutral,moderate,2025-03-03 00:00:00,2025-03-03 10:30:00,2025-03-03 13:33:00,183,SHORT,1,21911.5,21911.5,21580.48,21911.5,21580.22,662.05,1.24,1.0,659.81,TARGET,0.0,1
Opening Range Rev,OR_REVERSAL_LONG,neutral,moderate,2025-03-04 00:00:00,2025-03-04 10:30:00,2025-03-04 10:31:00,1,LONG,1,21326.25,21326.25,21146.25,21146.5,21685.0,-360.0,1.24,1.0,-362.24,STOP,-1.0,0
IB Retest,IB_RETEST_BEAR,p_day,moderate,2025-03-05 00:00:00,2025-03-05 11:27:00,2025-03-05 12:39:00,72,SHORT,1,21177.5,21177.5,21409.25,21409.0,20987.25,-463.5,1.24,1.0,-465.74,STOP,-1.0,0
Bear Accept Short,BEAR_ACCEPTANCE,trend_down,strong,2025-03-06 00:00:00,2025-03-06 12:50:00,2025-03-06 14:20:00,90,SHORT,1,21011.75,21011.75,20948.88,21204.12,20948.62,125.75,1.24,1.0,123.51,TARGET,0.33,1
Opening Range Rev,OR_REVERSAL_LONG,neutral,moderate,2025-03-07 00:00:00,2025-03-07 10:30:00,2025-03-07 10:32:00,2,LONG,1,21048.75,21048.75,20902.76,20903.01,21339.48,-291.97,1.24,1.0,-294.21,STOP,-1.0,0
IB Retest,IB_RETEST_BEAR,p_day,moderate,2025-03-07 00:00:00,2025-03-07 10:32:00,2025-03-07 10:39:00,7,SHORT,1,20898.75,20898.75,20826.88,21154.0,20826.62,143.75,1.24,1.0,141.51,TARGET,0.28,1
B-Day,B_DAY_IBL_FADE,b_day,weak,2025-03-10 00:00:00,2025-03-10 10:39:00,2025-03-10 10:43:00,4,LONG,4,20591.0,20591.0,20540.97,20541.22,20691.38,-400.2,4.96,4.0,-409.16,STOP,-1.01,0
Bear Accept Short,BEAR_ACCEPTANCE,trend_down,strong,2025-03-10 00:00:00,2025-03-10 13:03:00,2025-03-10 13:12:00,9,SHORT,1,20434.75,20434.75,20378.81,20628.81,20378.56,111.88,1.24,1.0,109.64,TARGET,0.29,1
Opening Range Rev,OR_REVERSAL_SHORT,neutral,moderate,2025-03-11 00:00:00,2025-03-11 10:30:00,2025-03-11 14:08:00,218,SHORT,1,20370.5,20370.5,20346.0,20370.5,20026.28,49.0,1.24,1.0,46.76,VWAP_BREACH_PM,0.0,1
IB Retest,IB_RETEST_BEAR,p_day,moderate,2025-03-12 00:00:00,2025-03-12 10:33:00,2025-03-12 13:00:00,147,SHORT,1,20470.0,20470.0,20538.75,20689.75,20113.0,-137.5,1.24,1.0,-139.74,VWAP_BREACH_PM,-0.31,0
Bear Accept Short,BEAR_ACCEPTANCE,trend_down,strong,2025-03-13 00:00:00,2025-03-13 13:19:00,2025-03-13 15:02:00,103,SHORT,1,20103.75,20103.75,20299.88,20299.62,20047.12,-392.25,1.24,1.0,-394.49,STOP,-1.0,0
IB Retest,IB_RETEST_BEAR,p_day,moderate,2025-03-17 00:00:00,2025-03-17 10:59:00,2025-03-17 13:15:00,136,SHORT,1,20593.75,20593.75,20636.25,20765.75,20348.75,-85.0,1.24,1.0,-87.24,VWAP_BREACH_PM,-0.25,0
Edge Fade,EDGE_TO_MID,b_day,weak,2025-03-18 00:00:00,2025-03-18 11:16:00,2025-03-18 13:20:00,124,LONG,3,20364.0,20364.0,20363.75,20364.0,20476.25,-1.5,3.72,3.0,-8.22,STOP,0.0,0
Edge Fade,EDGE_TO_MID,b_day,weak,2025-03-18 00:00:00,2025-03-18 10:55:00,2025-03-18 14:52:00,237,LONG,2,20388.75,20388.75,20476.0,20388.75,20476.25,349.0,2.48,2.0,344.52,TARGET,0.0,1
Edge Fade,EDGE_TO_MID,b_day,weak,2025-03-18 00:00:00,2025-03-18 11:36:00,2025-03-18 14:52:00,196,LONG,2,20385.75,20385.75,20476.0,20385.75,20476.25,361.0,2.48,2.0,356.52,TARGET,0.0,1
Edge Fade,EDGE_TO_MID,b_day,weak,2025-03-18 00:00:00,2025-03-18 11:56:00,2025-03-18 14:52:00,176,LONG,3,20357.75,20357.75,20476.0,20357.75,20476.25,709.5,3.72,3.0,702.78,TARGET,0.0,1
Edge Fade,EDGE_TO_MID,b_day,weak,2025-03-18 00:00:00,2025-03-18 12:53:00,2025-03-18 14:52:00,119,LONG,2,20373.5,20373.5,20476.0,20373.5,20476.25,410.0,2.48,2.0,405.52,TARGET,0.0,1
Opening Range Rev,OR_REVERSAL_LONG,neutral,moderate,2025-03-20 00:00:00,2025-03-20 10:30:00,2025-03-20 13:00:00,150,LONG,1,20586.0,20586.0,20584.0,20437.95,20881.35,-4.0,1.24,1.0,-6.24,VWAP_BREACH_PM,-0.01,0
Opening Range Rev,OR_REVERSAL_LONG,neutral,moderate,2025-03-21 00:00:00,2025-03-21 10:30:00,2025-03-21 15:30:00,300,LONG,1,20434.25,20434.25,20549.75,20434.25,20713.43,231.0,1.24,1.0,228.76,EOD,0.0,1
Opening Range Rev,OR_REVERSAL_SHORT,neutral,moderate,2025-03-26 00:00:00,2025-03-26 10:30:00,2025-03-26 10:31:00,1,SHORT,3,21147.5,21147.5,21025.8,21208.85,21025.55,730.2,3.72,3.0,723.48,TARGET,1.98,1
Edge Fade,EDGE_TO_MID,b_day,weak,2025-03-26 00:00:00,2025-03-26 10:48:00,2025-03-26 11:57:00,69,LONG,2,20975.25,20975.25,20898.05,20898.3,21059.5,-308.8,2.48,2.0,-313.28,STOP,-1.0,0
Edge Fade,EDGE_TO_MID,b_day,weak,2025-03-26 00:00:00,2025-03-26 11:47:00,2025-03-26 11:57:00,10,LONG,2,20966.5,20966.5,20898.05,20898.3,21059.5,-273.8,2.48,2.0,-278.28,STOP,-1.0,0
Edge Fade,EDGE_TO_MID,b_day,weak,2025-03-28 00:00:00,2025-03-28 10:30:00,2025-03-28 10:38:00,8,LONG,3,20347.5,20347.5,20296.41,20296.66,20496.38,-306.53,3.72,3.0,-313.25,STOP,-1.0,0
Bear Accept Short,BEAR_ACCEPTANCE,trend_down,strong,2025-03-28 00:00:00,2025-03-28 13:02:00,2025-03-28 15:30:00,148,SHORT,1,20187.0,20187.0,20167.75,20419.56,20112.31,38.5,1.24,1.0,36.26,EOD,0.08,1
Opening Range Rev,OR_REVERSAL_LONG,neutral,moderate,2025-04-02 00:00:00,2025-04-02 10:30:00,2025-04-02 12:30:00,120,LONG,1,20145.5,20145.5,20464.7,19985.4,20464.95,638.4,1.24,1.0,636.16,TARGET,1.99,1
IB Retest,IB_RETEST_BEAR,p_day,moderate,2025-04-03 00:00:00,2025-04-03 10:43:00,2025-04-03 11:06:00,23,SHORT,1,19548.5,19548.5,19456.0,19782.75,19455.75,185.0,1.24,1.0,182.76,TARGET,0.39,1
Edge Fade,EDGE_TO_MID,b_day,weak,2025-04-04 00:00:00,2025-04-04 10:31:00,2025-04-04 10:34:00,3,LONG,3,18659.5,18659.5,18597.91,18598.16,18801.12,-369.53,3.72,3.0,-376.25,STOP,-1.0,0
Bear Accept Short,BEAR_ACCEPTANCE,trend_down,strong,2025-04-04 00:00:00,2025-04-04 10:48:00,2025-04-04 10:51:00,3,SHORT,1,18467.5,18467.5,18411.06,18723.06,18410.81,112.88,1.24,1.0,110.64,TARGET,0.22,1
B-Day,B_DAY_IBL_FADE,b_day,weak,2025-04-08 00:00:00,2025-04-08 11:21:00,2025-04-08 11:24:00,3,LONG,3,18788.75,18788.75,18737.7,18737.95,18916.75,-306.3,3.72,3.0,-313.02,STOP,-1.0,0
Bear Accept Short,BEAR_ACCEPTANCE,trend_down,strong,2025-04-08 00:00:00,2025-04-08 12:19:00,2025-04-08 12:32:00,13,SHORT,1,18615.5,18615.5,18544.5,18842.25,18544.25,142.0,1.24,1.0,139.76,TARGET,0.31,1
Bear Accept Short,BEAR_ACCEPTANCE,trend_down,strong,2025-04-10 00:00:00,2025-04-10 11:45:00,2025-04-10 11:52:00,7,SHORT,1,19109.5,19109.5,19050.0,19352.75,19049.75,119.0,1.24,1.0,116.76,TARGET,0.24,1
Opening Range Rev,OR_REVERSAL_SHORT,neutral,moderate,2025-04-14 00:00:00,2025-04-14 10:30:00,2025-04-14 12:12:00,102,SHORT,1,19833.0,19833.0,19493.4,20003.3,19493.15,679.2,1.24,1.0,676.96,TARGET,1.99,1
Bear Accept Short,BEAR_ACCEPTANCE,trend_down,strong,2025-04-14 00:00:00,2025-04-14 11:47:00,2025-04-14 12:12:00,25,SHORT,1,19555.5,19555.5,19496.25,19763.0,19496.0,118.5,1.24,1.0,116.26,TARGET,0.29,1
IB Retest,IB_RETEST_BEAR,p_day,moderate,2025-04-17 00:00:00,2025-04-17 10:30:00,2025-04-17 13:00:00,150,SHORT,1,19029.75,19029.75,19162.75,19218.0,18824.75,-266.0,1.24,1.0,-268.24,VWAP_BREACH_PM,-0.71,0
Bear Accept Short,BEAR_ACCEPTANCE,trend_down,strong,2025-04-21 00:00:00,2025-04-21 13:04:00,2025-04-21 14:03:00,59,SHORT,1,18465.75,18465.75,18409.56,18674.56,18409.31,112.38,1.24,1.0,110.14,TARGET,0.27,1
IB Retest,IB_RETEST_BEAR,p_day,moderate,2025-04-23 00:00:00,2025-04-23 11:28:00,2025-04-23 13:09:00,101,SHORT,1,19617.75,19617.75,19653.5,19853.0,18809.0,-71.5,1.24,1.0,-73.74,VWAP_BREACH_PM,-0.15,0
Opening Range Rev,OR_REVERSAL_LONG,neutral,moderate,2025-04-25 00:00:00,2025-04-25 10:30:00,2025-04-25 15:30:00,300,LONG,1,20043.0,20043.0,20196.25,20043.0,20278.15,306.5,1.24,1.0,304.26,EOD,0.0,1
IB Retest,IB_RETEST_BEAR,p_day,moderate,2025-04-28 00:00:00,2025-04-28 11:10:00,2025-04-28 14:41:00,211,SHORT,1,20128.5,20128.5,20128.75,20128.5,19942.25,-0.5,1.24,1.0,-2.74,STOP,0.0,0
Opening Range Rev,OR_REVERSAL_LONG,neutral,moderate,2025-05-05 00:00:00,2025-05-05 10:30:00,2025-05-05 14:05:00,215,LONG,3,20742.75,20742.75,20865.47,20742.75,20865.72,736.35,3.72,3.0,729.63,TARGET,0.0,1
IB Retest,IB_RETEST_BEAR,p_day,moderate,2025-05-07 00:00:00,2025-05-07 10:55:00,2025-05-07 14:01:00,186,SHORT,1,20557.0,20557.0,20557.25,20557.0,20447.5,-0.5,1.24,1.0,-2.74,STOP,0.0,0
Opening Range Rev,OR_REVERSAL_SHORT,neutral,moderate,2025-05-08 00:00:00,2025-05-08 10:30:00,2025-05-08 10:55:00,25,SHORT,3,20840.75,20840.75,20724.35,20899.45,20724.1,698.4,3.72,3.0,691.68,TARGET,1.98,1
B-Day,B_DAY_IBL_FADE,b_day,weak,2025-05-08 00:00:00,2025-05-08 11:02:00,2025-05-08 11:03:00,1,LONG,9,20740.0,20740.0,20718.35,20718.6,20808.0,-389.7,11.16,9.0,-409.86,STOP,-1.01,0
IB Retest,IB_RETEST_BEAR,p_day,moderate,2025-05-08 00:00:00,2025-05-08 10:55:00,2025-05-08 11:29:00,34,SHORT,1,20732.5,20732.5,20882.75,20882.5,20387.25,-300.5,1.24,1.0,-302.74,STOP,-1.0,0
IB Retest,IB_RETEST_BEAR,p_day,moderate,2025-05-09 00:00:00,2025-05-09 10:36:00,2025-05-09 15:09:00,273,SHORT,1,20812.25,20812.25,20883.25,20988.25,20687.5,-142.0,1.24,1.0,-144.24,VWAP_BREACH_PM,-0.4,0
Edge Fade,EDGE_TO_MID,b_day,weak,2025-05-12 00:00:00,2025-05-12 10:30:00,2025-05-12 10:32:00,2,LONG,4,21450.0,21450.0,21409.22,21409.47,21538.5,-326.2,4.96,4.0,-335.16,STOP,-1.01,0
Edge Fade,EDGE_TO_MID,b_day,weak,2025-05-12 00:00:00,2025-05-12 11:53:00,2025-05-12 12:24:00,31,LONG,3,21470.25,21470.25,21538.25,21409.47,21538.5,408.0,3.72,3.0,401.28,TARGET,1.12,1
IB Retest,IB_RETEST_BEAR,p_day,moderate,2025-05-12 00:00:00,2025-05-12 10:31:00,2025-05-12 13:00:00,149,SHORT,1,21424.75,21424.75,21586.5,21637.75,20766.5,-323.5,1.24,1.0,-325.74,VWAP_BREACH_PM,-0.76,0
Opening Range Rev,OR_REVERSAL_LONG,neutral,moderate,2025-05-22 00:00:00,2025-05-22 10:30:00,2025-05-22 15:30:00,300,LONG,2,21879.5,21879.5,22032.75,21879.5,22046.43,613.0,2.48,2.0,608.52,EOD,0.0,1
B-Day,B_DAY_IBL_FADE,b_day,weak,2025-05-28 00:00:00,2025-05-28 10:40:00,2025-05-28 13:00:00,140,LONG,11,22152.0,22152.0,22173.5,22133.83,22211.38,473.0,13.64,11.0,448.36,VWAP_BREACH_PM,1.18,1
IB Retest,IB_RETEST_BEAR,p_day,moderate,2025-05-28 00:00:00,2025-05-28 10:38:00,2025-05-28 13:17:00,159,SHORT,1,22145.75,22145.75,22193.25,22276.0,21901.25,-95.0,1.24,1.0,-97.24,VWAP_BREACH_PM,-0.36,0
Edge Fade,EDGE_TO_MID,b_day,weak,2025-05-29 00:00:00,2025-05-29 10:35:00,2025-05-29 11:59:00,84,LONG,2,22140.25,22140.25,22043.56,22043.81,22239.62,-386.75,2.48,2.0,-391.23,STOP,-1.0,0
Edge Fade,EDGE_TO_MID,b_day,weak,2025-05-29 00:00:00,2025-05-29 12:11:00,2025-05-29 14:21:00,130,LONG,4,22089.75,22089.75,22043.56,22043.81,22239.62,-369.5,4.96,4.0,-378.46,STOP,-1.01,0
Edge Fade,EDGE_TO_MID,b_day,weak,2025-05-29 00:00:00,2025-05-29 13:20:00,2025-05-29 14:21:00,61,LONG,2,22139.75,22139.75,22043.56,22043.81,22239.62,-384.75,2.48,2.0,-389.23,STOP,-1.0,0
Opening Range Rev,OR_REVERSAL_SHORT,neutral,moderate,2025-05-30 00:00:00,2025-05-30 10:30:00,2025-05-30 12:29:00,119,SHORT,2,22048.25,22048.25,21901.02,22122.36,21900.78,588.9,2.48,2.0,584.42,TARGET,1.99,1
Edge Fade,EDGE_TO_MID,b_day,weak,2025-06-13 00:00:00,2025-06-13 10:30:00,2025-06-13 10:39:00,9,LONG,5,22336.5,22336.5,22414.12,22298.84,22414.38,776.25,6.2,5.0,765.05,TARGET,2.06,1
Opening Range Rev,OR_REVERSAL_LONG,neutral,moderate,2025-06-17 00:00:00,2025-06-17 10:30:00,2025-06-17 13:00:00,150,LONG,3,22571.25,22571.25,22529.75,22507.4,22698.2,-249.0,3.72,3.0,-255.72,VWAP_BREACH_PM,-0.65,0
IB Retest,IB_RETEST_BEAR,p_day,moderate,2025-06-20 00:00:00,2025-06-20 10:43:00,2025-06-20 14:19:00,216,SHORT,1,22374.75,22374.75,22375.0,22374.75,22144.25,-0.5,1.24,1.0,-2.74,STOP,0.0,0
Edge Fade,EDGE_TO_MID,b_day,weak,2025-06-23 00:00:00,2025-06-23 12:38:00,2025-06-23 12:44:00,6,LONG,2,22288.5,22288.5,22379.12,22214.44,22379.38,362.5,2.48,2.0,358.02,TARGET,1.22,1
IB Retest,IB_RETEST_BEAR,p_day,moderate,2025-07-09 00:00:00,2025-07-09 10:49:00,2025-07-09 14:06:00,197,SHORT,1,23455.5,23455.5,23494.25,23606.0,23335.0,-77.5,1.24,1.0,-79.74,VWAP_BREACH_PM,-0.26,0
Opening Range Rev,OR_REVERSAL_SHORT,neutral,moderate,2025-07-10 00:00:00,2025-07-10 10:30:00,2025-07-10 13:11:00,161,SHORT,2,23537.75,23537.75,23500.0,23606.12,23401.75,151.0,2.48,2.0,146.52,VWAP_BREACH_PM,0.55,1
Opening Range Rev,OR_REVERSAL_SHORT,neutral,moderate,2025-07-15 00:00:00,2025-07-15 10:30:00,2025-07-15 13:55:00,205,SHORT,2,23648.75,23648.75,23651.25,23648.75,23483.57,-10.0,2.48,2.0,-14.48,VWAP_BREACH_PM,0.0,0
IB Retest,IB_RETEST_BEAR,p_day,moderate,2025-07-15 00:00:00,2025-07-15 10:53:00,2025-07-15 13:55:00,182,SHORT,1,23612.5,23612.5,23651.25,23716.75,23336.25,-77.5,1.24,1.0,-79.74,VWAP_BREACH_PM,-0.37,0
Opening Range Rev,OR_REVERSAL_SHORT,neutral,moderate,2025-07-16 00:00:00,2025-07-16 10:30:00,2025-07-16 11:37:00,67,SHORT,2,23520.75,23520.75,23356.65,23603.3,23356.4,656.4,2.48,2.0,651.92,TARGET,1.99,1
IB Retest,IB_RETEST_BEAR,p_day,moderate,2025-07-16 00:00:00,2025-07-16 11:20:00,2025-07-16 13:00:00,100,SHORT,1,23434.75,23434.75,23540.0,23583.5,23298.25,-210.5,1.24,1.0,-212.74,VWAP_BREACH_PM,-0.71,0
Opening Range Rev,OR_REVERSAL_SHORT,neutral,moderate,2025-07-22 00:00:00,2025-07-22 10:30:00,2025-07-22 13:29:00,179,SHORT,2,23788.25,23788.25,23741.5,23788.25,23606.9,187.0,2.48,2.0,182.52,VWAP_BREACH_PM,0.0,1
Opening Range Rev,OR_REVERSAL_LONG,neutral,moderate,2025-07-24 00:00:00,2025-07-24 10:30:00,2025-07-24 15:30:00,300,LONG,4,23864.25,23864.25,23909.5,23864.25,23955.52,362.0,4.96,4.0,353.04,EOD,0.0,1
IB Retest,IB_RETEST_BEAR,p_day,moderate,2025-07-29 00:00:00,2025-07-29 10:53:00,2025-07-29 15:30:00,277,SHORT,1,24025.0,24025.0,23953.0,24025.0,23930.75,144.0,1.24,1.0,141.76,EOD,0.0,1
IB Retest,IB_RETEST_BEAR,p_day,moderate,2025-07-31 00:00:00,2025-07-31 10:43:00,2025-07-31 14:11:00,208,SHORT,1,24099.75,24099.75,23850.75,24099.75,23850.5,498.0,1.24,1.0,495.76,TARGET,0.0,1
Edge Fade,EDGE_TO_MID,b_day,weak,2025-08-01 00:00:00,2025-08-01 13:29:00,2025-08-01 15:30:00,121,LONG,2,23340.75,23340.75,23371.25,23340.75,23441.88,122.0,2.48,2.0,117.52,EOD,0.0,1
Opening Range Rev,OR_REVERSAL_LONG,neutral,moderate,2025-08-05 00:00:00,2025-08-05 10:30:00,2025-08-05 10:31:00,1,LONG,3,23840.25,23840.25,23783.19,23783.44,23953.12,-342.38,3.72,3.0,-349.1,STOP,-1.0,0
IB Retest,IB_RETEST_BEAR,p_day,moderate,2025-08-05 00:00:00,2025-08-05 10:34:00,2025-08-05 15:30:00,296,SHORT,1,23747.0,23747.0,23665.5,23747.0,23580.25,163.0,1.24,1.0,160.76,EOD,0.0,1
IB Retest,IB_RETEST_BEAR,p_day,moderate,2025-08-07 00:00:00,2025-08-07 10:56:00,2025-08-07 15:30:00,274,SHORT,1,24014.0,24014.0,23889.5,24014.0,23642.5,249.0,1.24,1.0,246.76,EOD,0.0,1
IB Retest,IB_RETEST_BEAR,p_day,moderate,2025-08-13 00:00:00,2025-08-13 10:32:00,2025-08-13 13:31:00,179,SHORT,1,24441.0,24441.0,24441.25,24441.0,24116.0,-0.5,1.24,1.0,-2.74,STOP,0.0,0
IB Retest,IB_RETEST_BEAR,p_day,moderate,2025-08-19 00:00:00,2025-08-19 10:32:00,2025-08-19 11:00:00,28,SHORT,1,24116.5,24116.5,24043.5,24264.5,24043.25,146.0,1.24,1.0,143.76,TARGET,0.49,1
Opening Range Rev,OR_REVERSAL_SHORT,neutral,moderate,2025-08-20 00:00:00,2025-08-20 10:30:00,2025-08-20 10:31:00,1,SHORT,2,23874.25,23874.25,23685.95,23968.9,23685.7,753.2,2.48,2.0,748.72,TARGET,1.99,1
Edge Fade,EDGE_TO_MID,b_day,weak,2025-08-20 00:00:00,2025-08-20 10:32:00,2025-08-20 11:33:00,61,LONG,2,23601.0,23601.0,23741.5,23502.22,23741.75,562.0,2.48,2.0,557.52,TARGET,1.42,1
Edge Fade,EDGE_TO_MID,b_day,weak,2025-08-20 00:00:00,2025-08-20 11:01:00,2025-08-20 11:33:00,32,LONG,3,23566.75,23566.75,23741.5,23502.22,23741.75,1048.5,3.72,3.0,1041.78,TARGET,2.71,1
Opening Range Rev,OR_REVERSAL_SHORT,neutral,moderate,2025-08-22 00:00:00,2025-08-22 10:30:00,2025-08-22 10:31:00,1,SHORT,1,23753.75,23753.75,23857.01,23856.76,23548.48,-206.53,1.24,1.0,-208.77,STOP,-1.0,0
Edge Fade,EDGE_TO_MID,b_day,weak,2025-08-29 00:00:00,2025-08-29 10:49:00,2025-08-29 15:30:00,281,LONG,3,23949.75,23949.75,23957.25,23886.0,24042.0,45.0,3.72,3.0,38.28,EOD,0.12,1
IB Retest,IB_RETEST_BEAR,p_day,moderate,2025-08-29 00:00:00,2025-08-29 10:53:00,2025-08-29 15:30:00,277,SHORT,1,23921.0,23921.0,23957.75,24162.0,23699.5,-73.5,1.24,1.0,-75.74,EOD,-0.15,0
Edge Fade,EDGE_TO_MID,b_day,weak,2025-08-29 00:00:00,2025-08-29 11:09:00,2025-08-29 15:30:00,261,LONG,2,23961.0,23961.0,23957.25,23886.0,24042.0,-15.0,2.48,2.0,-19.48,EOD,-0.05,0
Edge Fade,EDGE_TO_MID,b_day,weak,2025-08-29 00:00:00,2025-08-29 11:35:00,2025-08-29 15:30:00,235,LONG,2,23954.5,23954.5,23957.25,23886.0,24042.0,11.0,2.48,2.0,6.52,EOD,0.04,1
Edge Fade,EDGE_TO_MID,b_day,weak,2025-08-29 00:00:00,2025-08-29 11:55:00,2025-08-29 15:30:00,215,LONG,3,23939.75,23939.75,23957.25,23886.0,24042.0,105.0,3.72,3.0,98.28,EOD,0.33,1
Edge Fade,EDGE_TO_MID,b_day,weak,2025-08-29 00:00:00,2025-08-29 12:29:00,2025-08-29 15:30:00,181,LONG,3,23948.75,23948.75,23957.25,23886.0,24042.0,51.0,3.72,3.0,44.28,EOD,0.14,1
Edge Fade,EDGE_TO_MID,b_day,weak,2025-08-29 00:00:00,2025-08-29 13:08:00,2025-08-29 15:30:00,142,LONG,3,23939.25,23939.25,23957.25,23886.0,24042.0,108.0,3.72,3.0,101.28,EOD,0.34,1
Opening Range Rev,OR_REVERSAL_LONG,neutral,moderate,2025-09-02 00:00:00,2025-09-02 10:30:00,2025-09-02 13:00:00,150,LONG,1,23689.0,23689.0,23620.0,23483.92,24098.4,-138.0,1.24,1.0,-140.24,VWAP_BREACH_PM,-0.34,0
Edge Fade,EDGE_TO_MID,b_day,weak,2025-09-02 00:00:00,2025-09-02 11:37:00,2025-09-02 13:26:00,109,LONG,2,23555.75,23555.75,23646.38,23555.75,23646.62,362.5,2.48,2.0,358.02,TARGET,0.0,1
Edge Fade,EDGE_TO_MID,b_day,weak,2025-09-02 00:00:00,2025-09-02 11:57:00,2025-09-02 13:26:00,89,LONG,3,23535.5,23535.5,23646.38,23535.5,23646.62,665.25,3.72,3.0,658.53,TARGET,0.0,1
Opening Range Rev,OR_REVERSAL_SHORT,neutral,moderate,2025-09-05 00:00:00,2025-09-05 10:30:00,2025-09-05 10:31:00,1,SHORT,2,24320.0,24320.0,24144.93,24408.04,24144.68,700.3,2.48,2.0,695.82,TARGET,1.99,1
Edge Fade,EDGE_TO_MID,b_day,weak,2025-09-05 00:00:00,2025-09-05 10:30:00,2025-09-05 10:46:00,16,LONG,3,24148.25,24148.25,24081.22,24081.47,24259.25,-402.15,3.72,3.0,-408.87,STOP,-1.0,0
Edge Fade,EDGE_TO_MID,b_day,weak,2025-09-05 00:00:00,2025-09-05 10:55:00,2025-09-05 10:59:00,4,LONG,4,24127.75,24127.75,24081.22,24081.47,24259.25,-372.2,4.96,4.0,-381.16,STOP,-1.01,0
Opening Range Rev,OR_REVERSAL_SHORT,neutral,moderate,2025-09-17 00:00:00,2025-09-17 10:30:00,2025-09-17 12:40:00,130,SHORT,3,24753.5,24753.5,24642.85,24809.33,24642.6,663.9,3.72,3.0,657.18,TARGET,1.98,1
IB Retest,IB_RETEST_BEAR,p_day,moderate,2025-09-17 00:00:00,2025-09-17 10:44:00,2025-09-17 13:38:00,174,SHORT,1,24686.75,24686.75,24687.0,24686.75,24279.0,-0.5,1.24,1.0,-2.74,STOP,0.0,0
IB Retest,IB_RETEST_BEAR,p_day,moderate,2025-09-24 00:00:00,2025-09-24 11:11:00,2025-09-24 11:51:00,40,SHORT,1,25039.25,25039.25,24983.88,25155.75,24983.62,110.75,1.24,1.0,108.51,TARGET,0.48,1
Edge Fade,EDGE_TO_MID,b_day,weak,2025-09-26 00:00:00,2025-09-26 10:35:00,2025-09-26 10:41:00,6,LONG,3,24803.25,24803.25,24882.88,24744.51,24883.12,477.75,3.72,3.0,471.03,TARGET,1.36,1
Opening Range Rev,OR_REVERSAL_SHORT,neutral,moderate,2025-09-26 00:00:00,2025-09-26 10:30:00,2025-09-26 13:00:00,150,SHORT,2,24895.25,24895.25,24947.75,24989.2,24708.1,-210.0,2.48,2.0,-214.48,VWAP_BREACH_PM,-0.56,0
Opening Range Rev,OR_REVERSAL_SHORT,neutral,moderate,2025-10-02 00:00:00,2025-10-02 10:30:00,2025-10-02 13:13:00,163,SHORT,2,25349.75,25349.75,25336.25,25448.75,25152.5,54.0,2.48,2.0,49.52,VWAP_BREACH_PM,0.14,1
IB Retest,IB_RETEST_BEAR,p_day,moderate,2025-10-02 00:00:00,2025-10-02 11:03:00,2025-10-02 13:13:00,130,SHORT,1,25267.0,25267.0,25336.25,25425.5,24982.5,-138.5,1.24,1.0,-140.74,VWAP_BREACH_PM,-0.44,0
Opening Range Rev,OR_REVERSAL_SHORT,neutral,moderate,2025-10-03 00:00:00,2025-10-03 10:30:00,2025-10-03 13:04:00,154,SHORT,4,25393.75,25393.75,25313.07,25393.75,25312.82,645.4,4.96,4.0,636.44,TARGET,0.0,1
Edge Fade,EDGE_TO_MID,b_day,weak,2025-10-13 00:00:00,2025-10-13 10:58:00,2025-10-13 11:11:00,13,LONG,3,25011.25,25011.25,25075.25,24952.65,25075.5,384.0,3.72,3.0,377.28,TARGET,1.09,1
Edge Fade,EDGE_TO_MID,b_day,weak,2025-10-15 00:00:00,2025-10-15 11:50:00,2025-10-15 13:01:00,71,LONG,3,25181.5,25181.5,25120.81,25121.06,25261.62,-364.12,3.72,3.0,-370.84,STOP,-1.0,0
Edge Fade,EDGE_TO_MID,b_day,weak,2025-10-15 00:00:00,2025-10-15 12:19:00,2025-10-15 13:01:00,42,LONG,2,25191.25,25191.25,25120.81,25121.06,25261.62,-281.75,2.48,2.0,-286.23,STOP,-1.0,0
Edge Fade,EDGE_TO_MID,b_day,weak,2025-10-15 00:00:00,2025-10-15 12:47:00,2025-10-15 13:01:00,14,LONG,4,25166.75,25166.75,25120.81,25121.06,25261.62,-367.5,4.96,4.0,-376.46,STOP,-1.01,0
Edge Fade,EDGE_TO_MID,b_day,weak,2025-10-17 00:00:00,2025-10-17 11:33:00,2025-10-17 11:49:00,16,LONG,2,24975.0,24975.0,25072.88,24885.76,25073.12,391.5,2.48,2.0,387.02,TARGET,1.1,1
IB Retest,IB_RETEST_BEAR,p_day,moderate,2025-10-22 00:00:00,2025-10-22 10:30:00,2025-10-22 15:30:00,300,SHORT,1,25381.5,25381.5,25266.0,25381.5,24666.5,231.0,1.24,1.0,228.76,EOD,0.0,1
Edge Fade,EDGE_TO_MID,b_day,weak,2025-10-30 00:00:00,2025-10-30 11:43:00,2025-10-30 12:10:00,27,LONG,2,26240.5,26240.5,26318.62,26162.71,26318.88,312.5,2.48,2.0,308.02,TARGET,1.0,1
Edge Fade,EDGE_TO_MID,b_day,weak,2025-11-03 00:00:00,2025-11-03 10:30:00,2025-11-03 12:48:00,138,LONG,4,26301.0,26301.0,26405.75,26254.55,26406.0,838.0,4.96,4.0,829.04,TARGET,2.26,1
Edge Fade,EDGE_TO_MID,b_day,weak,2025-11-03 00:00:00,2025-11-03 11:04:00,2025-11-03 12:48:00,104,LONG,2,26327.75,26327.75,26405.75,26254.55,26406.0,312.0,2.48,2.0,307.52,TARGET,1.07,1
Edge Fade,EDGE_TO_MID,b_day,weak,2025-11-03 00:00:00,2025-11-03 11:29:00,2025-11-03 12:48:00,79,LONG,3,26319.25,26319.25,26405.75,26254.55,26406.0,519.0,3.72,3.0,512.28,TARGET,1.34,1
IB Retest,IB_RETEST_BEAR,p_day,moderate,2025-11-03 00:00:00,2025-11-03 10:31:00,2025-11-03 13:00:00,149,SHORT,1,26282.5,26282.5,26406.5,26522.5,26145.25,-248.0,1.24,1.0,-250.24,VWAP_BREACH_PM,-0.52,0
Edge Fade,EDGE_TO_MID,b_day,weak,2025-11-04 00:00:00,2025-11-04 12:19:00,2025-11-04 13:20:00,61,LONG,3,25945.75,25945.75,25884.67,25884.92,26034.75,-366.45,3.72,3.0,-373.17,STOP,-1.0,0
Edge Fade,EDGE_TO_MID,b_day,weak,2025-11-04 00:00:00,2025-11-04 12:43:00,2025-11-04 13:20:00,37,LONG,4,25928.5,25928.5,25884.67,25884.92,26034.75,-350.6,4.96,4.0,-359.56,STOP,-1.01,0
Edge Fade,EDGE_TO_MID,b_day,weak,2025-11-04 00:00:00,2025-11-04 13:16:00,2025-11-04 13:20:00,4,LONG,5,25921.25,25921.25,25884.67,25884.92,26034.75,-365.75,6.2,5.0,-376.95,STOP,-1.01,0
Edge Fade,EDGE_TO_MID,b_day,weak,2025-11-06 00:00:00,2025-11-06 10:35:00,2025-11-06 10:38:00,3,LONG,2,25703.25,25703.25,25618.56,25618.81,25801.62,-338.75,2.48,2.0,-343.23,STOP,-1.0,0
Bear Accept Short,BEAR_ACCEPTANCE,trend_down,strong,2025-11-06 00:00:00,2025-11-06 11:36:00,2025-11-06 15:30:00,234,SHORT,1,25508.0,25508.0,25611.0,25731.31,25450.06,-206.0,1.24,1.0,-208.24,EOD,-0.46,0
IB Retest,IB_RETEST_BEAR,p_day,moderate,2025-11-07 00:00:00,2025-11-07 10:43:00,2025-11-07 11:42:00,59,SHORT,1,25136.25,25136.25,25022.12,25371.75,25021.88,228.25,1.24,1.0,226.01,TARGET,0.48,1
IB Retest,IB_RETEST_BEAR,p_day,moderate,2025-11-10 00:00:00,2025-11-10 11:00:00,2025-11-10 13:00:00,120,SHORT,1,25780.0,25780.0,25891.75,25923.0,24965.75,-223.5,1.24,1.0,-225.74,VWAP_BREACH_PM,-0.78,0
Opening Range Rev,OR_REVERSAL_LONG,neutral,moderate,2025-11-11 00:00:00,2025-11-11 10:30:00,2025-11-11 10:31:00,1,LONG,2,25883.75,25883.75,25803.64,25803.89,26042.72,-320.45,2.48,2.0,-324.93,STOP,-1.0,0
B-Day,B_DAY_IBL_FADE,b_day,weak,2025-11-11 00:00:00,2025-11-11 10:45:00,2025-11-11 10:47:00,2,LONG,11,25795.75,25795.75,25777.67,25777.92,25845.88,-397.65,13.64,11.0,-422.29,STOP,-1.01,0
IB Retest,IB_RETEST_BEAR,p_day,moderate,2025-11-11 00:00:00,2025-11-11 10:34:00,2025-11-11 13:00:00,146,SHORT,1,25772.25,25772.25,25874.75,25902.5,25708.5,-205.0,1.24,1.0,-207.24,VWAP_BREACH_PM,-0.79,0
IB Retest,IB_RETEST_BEAR,p_day,moderate,2025-11-12 00:00:00,2025-11-12 10:37:00,2025-11-12 15:30:00,293,SHORT,1,25792.75,25792.75,25859.5,26038.25,25707.88,-133.5,1.24,1.0,-135.74,EOD,-0.27,0
IB Retest,IB_RETEST_BEAR,p_day,moderate,2025-11-13 00:00:00,2025-11-13 10:46:00,2025-11-13 15:30:00,284,SHORT,1,25517.25,25517.25,25329.75,25517.25,24965.75,375.0,1.24,1.0,372.76,EOD,0.0,1
Edge Fade,EDGE_TO_MID,b_day,weak,2025-11-17 00:00:00,2025-11-17 11:10:00,2025-11-17 11:33:00,23,LONG,2,25263.25,25263.25,25360.75,25166.65,25361.0,390.0,2.48,2.0,385.52,TARGET,1.01,1
Opening Range Rev,OR_REVERSAL_LONG,neutral,moderate,2025-11-17 00:00:00,2025-11-17 10:30:00,2025-11-17 13:00:00,150,LONG,1,25386.5,25386.5,25257.25,25166.65,25825.45,-258.5,1.24,1.0,-260.74,VWAP_BREACH_PM,-0.59,0
Edge Fade,EDGE_TO_MID,b_day,weak,2025-11-17 00:00:00,2025-11-17 13:03:00,2025-11-17 13:59:00,56,LONG,2,25236.5,25236.5,25166.4,25166.65,25361.0,-280.4,2.48,2.0,-284.88,STOP,-1.0,0
Edge Fade,EDGE_TO_MID,b_day,weak,2025-11-17 00:00:00,2025-11-17 13:26:00,2025-11-17 13:59:00,33,LONG,2,25246.25,25246.25,25166.4,25166.65,25361.0,-319.4,2.48,2.0,-323.88,STOP,-1.0,0
Edge Fade,EDGE_TO_MID,b_day,weak,2025-11-18 00:00:00,2025-11-18 10:39:00,2025-11-18 11:27:00,48,LONG,1,24750.75,24750.75,24887.25,24626.2,24887.5,273.0,1.24,1.0,270.76,TARGET,1.1,1
Edge Fade,EDGE_TO_MID,b_day,weak,2025-11-18 00:00:00,2025-11-18 11:08:00,2025-11-18 11:27:00,19,LONG,2,24724.75,24724.75,24887.25,24626.2,24887.5,650.0,2.48,2.0,645.52,TARGET,1.65,1
Edge Fade,EDGE_TO_MID,b_day,weak,2025-11-19 00:00:00,2025-11-19 12:10:00,2025-11-19 12:38:00,28,LONG,1,24885.0,24885.0,24766.42,24766.67,25036.75,-237.15,1.24,1.0,-239.39,STOP,-1.0,0
Edge Fade,EDGE_TO_MID,b_day,weak,2025-11-19 00:00:00,2025-11-19 12:32:00,2025-11-19 12:38:00,6,LONG,1,24876.5,24876.5,24766.42,24766.67,25036.75,-220.15,1.24,1.0,-222.39,STOP,-1.0,0
Edge Fade,EDGE_TO_MID,b_day,weak,2025-11-19 00:00:00,2025-11-19 12:52:00,2025-11-19 15:20:00,148,LONG,1,24887.5,24887.5,25036.5,24887.5,25036.75,298.0,1.24,1.0,295.76,TARGET,0.0,1
Edge Fade,EDGE_TO_MID,b_day,weak,2025-11-19 00:00:00,2025-11-19 13:18:00,2025-11-19 15:20:00,122,LONG,1,24897.5,24897.5,25036.5,24897.5,25036.75,278.0,1.24,1.0,275.76,TARGET,0.0,1
IB Retest,IB_RETEST_BEAR,p_day,moderate,2025-11-20 00:00:00,2025-11-20 11:04:00,2025-11-20 12:08:00,64,SHORT,1,25376.25,25376.25,24763.75,25556.25,24763.5,1225.0,1.24,1.0,1222.76,TARGET,3.4,1
Opening Range Rev,OR_REVERSAL_SHORT,neutral,moderate,2025-11-21 00:00:00,2025-11-21 10:30:00,2025-11-21 11:58:00,88,SHORT,1,24441.5,24441.5,24584.22,24583.97,24157.3,-285.45,1.24,1.0,-287.69,STOP,-1.0,0
Opening Range Rev,OR_REVERSAL_LONG,neutral,moderate,2025-12-01 00:00:00,2025-12-01 10:30:00,2025-12-01 12:43:00,133,LONG,2,25535.5,25535.5,25725.07,25440.21,25725.32,758.3,2.48,2.0,753.82,TARGET,1.99,1
IB Retest,IB_RETEST_BEAR,p_day,moderate,2025-12-02 00:00:00,2025-12-02 11:25:00,2025-12-02 13:07:00,102,SHORT,1,25718.75,25718.75,25824.25,25911.25,25465.75,-211.0,1.24,1.0,-213.24,VWAP_BREACH_PM,-0.55,0
Opening Range Rev,OR_REVERSAL_LONG,neutral,moderate,2025-12-03 00:00:00,2025-12-03 10:30:00,2025-12-03 15:30:00,300,LONG,1,25808.5,25808.5,25938.5,25808.5,26084.15,260.0,1.24,1.0,257.76,EOD,0.0,1
Edge Fade,EDGE_TO_MID,b_day,weak,2025-12-04 00:00:00,2025-12-04 11:07:00,2025-12-04 11:50:00,43,LONG,5,25785.25,25785.25,25873.0,25748.12,25873.25,877.5,6.2,5.0,866.3,TARGET,2.36,1
IB Retest,IB_RETEST_BEAR,p_day,moderate,2025-12-04 00:00:00,2025-12-04 11:06:00,2025-12-04 13:29:00,143,SHORT,1,25771.5,25771.5,25877.0,25969.5,25680.75,-211.0,1.24,1.0,-213.24,VWAP_BREACH_PM,-0.53,0
Edge Fade,EDGE_TO_MID,b_day,weak,2025-12-05 00:00:00,2025-12-05 11:18:00,2025-12-05 15:30:00,252,LONG,3,25964.0,25964.0,25981.75,25900.83,26027.25,106.5,3.72,3.0,99.78,EOD,0.28,1
Edge Fade,EDGE_TO_MID,b_day,weak,2025-12-05 00:00:00,2025-12-05 11:38:00,2025-12-05 15:30:00,232,LONG,4,25941.25,25941.25,25981.75,25941.25,26027.25,324.0,4.96,4.0,315.04,EOD,0.0,1
Edge Fade,EDGE_TO_MID,b_day,weak,2025-12-05 00:00:00,2025-12-05 12:13:00,2025-12-05 15:30:00,197,LONG,3,25961.25,25961.25,25981.75,25900.83,26027.25,123.0,3.72,3.0,116.28,EOD,0.34,1
Edge Fade,EDGE_TO_MID,b_day,weak,2025-12-05 00:00:00,2025-12-05 12:38:00,2025-12-05 15:30:00,172,LONG,4,25943.75,25943.75,25981.75,25943.75,26027.25,304.0,4.96,4.0,295.04,EOD,0.0,1
IB Retest,IB_RETEST_BEAR,p_day,moderate,2025-12-08 00:00:00,2025-12-08 11:02:00,2025-12-08 15:30:00,268,SHORT,1,25890.25,25890.25,25872.25,26117.25,25811.62,36.0,1.24,1.0,33.76,EOD,0.08,1
Opening Range Rev,OR_REVERSAL_LONG,neutral,moderate,2025-12-09 00:00:00,2025-12-09 10:30:00,2025-12-09 15:30:00,300,LONG,2,25892.25,25892.25,25953.25,25892.25,26071.05,244.0,2.48,2.0,239.52,EOD,0.0,1
IB Retest,IB_RETEST_BEAR,p_day,moderate,2025-12-10 00:00:00,2025-12-10 10:56:00,2025-12-10 12:56:00,120,SHORT,1,25809.5,25809.5,25929.0,25928.75,25770.88,-239.0,1.24,1.0,-241.24,STOP,-1.0,0
Opening Range Rev,OR_REVERSAL_SHORT,neutral,moderate,2025-12-11 00:00:00,2025-12-11 10:30:00,2025-12-11 13:00:00,150,SHORT,2,25848.75,25848.75,25849.25,25948.04,25650.93,-2.0,2.48,2.0,-6.48,VWAP_BREACH_PM,-0.01,0
Edge Fade,EDGE_TO_MID,b_day,weak,2025-12-12 00:00:00,2025-12-12 10:32:00,2025-12-12 10:59:00,27,LONG,3,25599.5,25599.5,25536.21,25536.46,25728.38,-379.72,3.72,3.0,-386.44,STOP,-1.0,0
Bear Accept Short,BEAR_ACCEPTANCE,trend_down,strong,2025-12-12 00:00:00,2025-12-12 11:05:00,2025-12-12 15:30:00,265,SHORT,1,25431.25,25431.25,25466.25,25654.56,25359.31,-70.0,1.24,1.0,-72.24,EOD,-0.16,0
Opening Range Rev,OR_REVERSAL_SHORT,neutral,moderate,2025-12-15 00:00:00,2025-12-15 10:30:00,2025-12-15 10:31:00,1,SHORT,2,25599.75,25599.75,25404.32,25697.96,25404.07,781.7,2.48,2.0,777.22,TARGET,1.99,1
Edge Fade,EDGE_TO_MID,b_day,weak,2025-12-15 00:00:00,2025-12-15 10:32:00,2025-12-15 11:19:00,47,LONG,1,25359.75,25359.75,25485.5,25248.83,25485.75,251.5,1.24,1.0,249.26,TARGET,1.13,1
Edge Fade,EDGE_TO_MID,b_day,weak,2025-12-15 00:00:00,2025-12-15 12:52:00,2025-12-15 15:30:00,158,LONG,2,25343.75,25343.75,25369.5,25248.83,25485.75,103.0,2.48,2.0,98.52,EOD,0.27,1
Edge Fade,EDGE_TO_MID,b_day,weak,2025-12-15 00:00:00,2025-12-15 13:23:00,2025-12-15 15:30:00,127,LONG,1,25364.25,25364.25,25369.5,25248.83,25485.75,10.5,1.24,1.0,8.26,EOD,0.05,1
IB Retest,IB_RETEST_BEAR,p_day,moderate,2025-12-17 00:00:00,2025-12-17 10:36:00,2025-12-17 10:45:00,9,SHORT,1,25228.25,25228.25,25144.62,25447.75,25144.38,167.25,1.24,1.0,165.01,TARGET,0.38,1
Opening Range Rev,OR_REVERSAL_SHORT,neutral,moderate,2025-12-22 00:00:00,2025-12-22 10:30:00,2025-12-22 13:00:00,150,SHORT,2,25726.0,25726.0,25721.25,25813.12,25552.5,19.0,2.48,2.0,14.52,VWAP_BREACH_PM,0.05,1
IB Retest,IB_RETEST_BEAR,p_day,moderate,2025-12-22 00:00:00,2025-12-22 10:36:00,2025-12-22 13:00:00,144,SHORT,1,25660.0,25660.0,25721.25,25794.75,25354.0,-122.5,1.24,1.0,-124.74,VWAP_BREACH_PM,-0.45,0
Opening Range Rev,OR_REVERSAL_LONG,neutral,moderate,2025-12-23 00:00:00,2025-12-23 10:30:00,2025-12-23 15:30:00,300,LONG,2,25697.0,25697.0,25798.0,25697.0,25848.22,404.0,2.48,2.0,399.52,EOD,0.0,1
Opening Range Rev,OR_REVERSAL_SHORT,neutral,moderate,2025-12-26 00:00:00,2025-12-26 10:30:00,2025-12-26 13:52:00,202,SHORT,4,25896.0,25896.0,25890.0,25896.0,25797.02,48.0,4.96,4.0,39.04,VWAP_BREACH_PM,0.0,1
Opening Range Rev,OR_REVERSAL_LONG,neutral,moderate,2025-12-29 00:00:00,2025-12-29 10:30:00,2025-12-29 13:00:00,150,LONG,1,25771.25,25771.25,25699.75,25641.04,26030.93,-143.0,1.24,1.0,-145.24,VWAP_BREACH_PM,-0.55,0
Edge Fade,EDGE_TO_MID,b_day,weak,2025-12-29 00:00:00,2025-12-29 10:52:00,2025-12-29 14:49:00,237,LONG,5,25676.5,25676.5,25740.12,25676.5,25740.38,636.25,6.2,5.0,625.05,TARGET,0.0,1
Edge Fade,EDGE_TO_MID,b_day,weak,2025-12-29 00:00:00,2025-12-29 11:42:00,2025-12-29 14:49:00,187,LONG,4,25683.25,25683.25,25740.12,25683.25,25740.38,455.0,4.96,4.0,446.04,TARGET,0.0,1
Edge Fade,EDGE_TO_MID,b_day,weak,2025-12-29 00:00:00,2025-12-29 12:10:00,2025-12-29 14:49:00,159,LONG,4,25684.75,25684.75,25740.12,25684.75,25740.38,443.0,4.96,4.0,434.04,TARGET,0.0,1
Edge Fade,EDGE_TO_MID,b_day,weak,2025-12-29 00:00:00,2025-12-29 12:32:00,2025-12-29 14:49:00,137,LONG,6,25671.25,25671.25,25740.12,25671.25,25740.38,826.5,7.44,6.0,813.06,TARGET,0.0,1
Edge Fade,EDGE_TO_MID,b_day,weak,2025-12-29 00:00:00,2025-12-29 13:13:00,2025-12-29 14:49:00,96,LONG,4,25684.25,25684.25,25740.12,25684.25,25740.38,447.0,4.96,4.0,438.04,TARGET,0.0,1
Opening Range Rev,OR_REVERSAL_LONG,neutral,moderate,2025-12-30 00:00:00,2025-12-30 10:30:00,2025-12-30 13:01:00,151,LONG,3,25718.5,25718.5,25716.5,25659.17,25836.4,-12.0,3.72,3.0,-18.72,VWAP_BREACH_PM,-0.03,0
IB Retest,IB_RETEST_BEAR,p_day,moderate,2025-12-31 00:00:00,2025-12-31 10:55:00,2025-12-31 13:41:00,166,SHORT,1,25566.5,25566.5,25619.0,25692.0,25506.0,-105.0,1.24,1.0,-107.24,VWAP_BREACH_PM,-0.42,0
Edge Fade,EDGE_TO_MID,b_day,weak,2026-01-02 00:00:00,2026-01-02 10:30:00,2026-01-02 10:58:00,28,LONG,2,25490.5,25490.5,25405.03,25405.28,25630.5,-341.9,2.48,2.0,-346.38,STOP,-1.0,0
Edge Fade,EDGE_TO_MID,b_day,weak,2026-01-02 00:00:00,2026-01-02 10:54:00,2026-01-02 10:58:00,4,LONG,3,25469.75,25469.75,25405.03,25405.28,25630.5,-388.35,3.72,3.0,-395.07,STOP,-1.0,0
Bear Accept Short,BEAR_ACCEPTANCE,trend_down,strong,2026-01-02 00:00:00,2026-01-02 13:51:00,2026-01-02 15:30:00,99,SHORT,1,25277.25,25277.25,25432.25,25543.88,25197.38,-310.0,1.24,1.0,-312.24,EOD,-0.58,0
Edge Fade,EDGE_TO_MID,b_day,weak,2026-01-08 00:00:00,2026-01-08 11:38:00,2026-01-08 12:50:00,72,LONG,3,25599.75,25599.75,25685.75,25533.9,25686.0,516.0,3.72,3.0,509.28,TARGET,1.31,1
Opening Range Rev,OR_REVERSAL_SHORT,neutral,moderate,2026-01-09 00:00:00,2026-01-09 10:30:00,2026-01-09 10:31:00,1,SHORT,1,25705.75,25705.75,25811.76,25811.51,25494.98,-212.03,1.24,1.0,-214.27,STOP,-1.0,0
Edge Fade,EDGE_TO_MID,b_day,weak,2026-01-13 00:00:00,2026-01-13 10:30:00,2026-01-13 11:32:00,62,LONG,3,25843.0,25843.0,25927.12,25777.39,25927.38,504.75,3.72,3.0,498.03,TARGET,1.28,1
Edge Fade,EDGE_TO_MID,b_day,weak,2026-01-13 00:00:00,2026-01-13 10:51:00,2026-01-13 11:32:00,41,LONG,3,25843.0,25843.0,25927.12,25777.39,25927.38,504.75,3.72,3.0,498.03,TARGET,1.28,1
Opening Range Rev,OR_REVERSAL_SHORT,neutral,moderate,2026-01-13 00:00:00,2026-01-13 10:30:00,2026-01-13 15:30:00,300,SHORT,2,25965.0,25965.0,25827.75,25965.0,25776.65,549.0,2.48,2.0,544.52,EOD,0.0,1
Edge Fade,EDGE_TO_MID,b_day,weak,2026-01-14 00:00:00,2026-01-14 10:45:00,2026-01-14 10:49:00,4,LONG,2,25558.5,25558.5,25491.29,25491.54,25660.38,-268.85,2.48,2.0,-273.33,STOP,-1.0,0
Edge Fade,EDGE_TO_MID,b_day,weak,2026-01-14 00:00:00,2026-01-14 11:05:00,2026-01-14 11:15:00,10,LONG,5,25531.25,25531.25,25491.29,25491.54,25660.38,-399.63,6.2,5.0,-410.83,STOP,-1.01,0
Edge Fade,EDGE_TO_MID,b_day,weak,2026-01-14 00:00:00,2026-01-14 11:26:00,2026-01-14 11:47:00,21,LONG,2,25566.75,25566.75,25491.29,25491.54,25660.38,-301.85,2.48,2.0,-306.33,STOP,-1.0,0
IB Retest,IB_RETEST_BEAR,p_day,moderate,2026-01-15 00:00:00,2026-01-15 10:47:00,2026-01-15 13:01:00,134,SHORT,1,25827.0,25827.0,25859.5,25952.75,25420.75,-65.0,1.24,1.0,-67.24,VWAP_BREACH_PM,-0.26,0
Opening Range Rev,OR_REVERSAL_SHORT,neutral,moderate,2026-01-16 00:00:00,2026-01-16 10:30:00,2026-01-16 10:31:00,1,SHORT,2,25845.0,25845.0,25709.38,25913.31,25709.12,542.5,2.48,2.0,538.02,TARGET,1.99,1
IB Retest,IB_RETEST_BEAR,p_day,moderate,2026-01-16 00:00:00,2026-01-16 10:31:00,2026-01-16 15:30:00,299,SHORT,1,25665.75,25665.75,25711.75,25891.0,25420.75,-92.0,1.24,1.0,-94.24,EOD,-0.2,0
Edge Fade,EDGE_TO_MID,b_day,weak,2026-01-21 00:00:00,2026-01-21 12:14:00,2026-01-21 12:59:00,45,LONG,2,25157.5,25157.5,25256.88,25088.61,25257.12,397.5,2.48,2.0,393.02,TARGET,1.44,1
Edge Fade,EDGE_TO_MID,b_day,weak,2026-01-21 00:00:00,2026-01-21 13:05:00,2026-01-21 13:36:00,31,LONG,2,25161.75,25161.75,25256.88,25161.75,25257.12,380.5,2.48,2.0,376.02,TARGET,0.0,1
Opening Range Rev,OR_REVERSAL_SHORT,neutral,moderate,2026-01-22 00:00:00,2026-01-22 10:30:00,2026-01-22 13:00:00,150,SHORT,2,25666.25,25666.25,25712.5,25758.38,25482.75,-185.0,2.48,2.0,-189.48,VWAP_BREACH_PM,-0.5,0
IB Retest,IB_RETEST_BEAR,p_day,moderate,2026-01-30 00:00:00,2026-01-30 10:30:00,2026-01-30 15:30:00,300,SHORT,1,25793.5,25793.5,25596.25,25793.5,25536.0,394.5,1.24,1.0,392.26,EOD,0.0,1
Edge Fade,EDGE_TO_MID,b_day,weak,2026-02-03 00:00:00,2026-02-03 10:31:00,2026-02-03 12:31:00,120,LONG,1,25534.75,25534.75,25397.7,25397.95,25711.25,-274.1,1.24,1.0,-276.34,STOP,-1.0,0
Edge Fade,EDGE_TO_MID,b_day,weak,2026-02-03 00:00:00,2026-02-03 11:12:00,2026-02-03 12:31:00,79,LONG,1,25551.25,25551.25,25397.7,25397.95,25711.25,-307.1,1.24,1.0,-309.34,STOP,-1.0,0
Edge Fade,EDGE_TO_MID,b_day,weak,2026-02-03 00:00:00,2026-02-03 11:32:00,2026-02-03 12:31:00,59,LONG,2,25497.0,25497.0,25397.7,25397.95,25711.25,-397.2,2.48,2.0,-401.68,STOP,-1.0,0
Edge Fade,EDGE_TO_MID,b_day,weak,2026-02-03 00:00:00,2026-02-03 11:53:00,2026-02-03 12:31:00,38,LONG,1,25501.75,25501.75,25397.7,25397.95,25711.25,-208.1,1.24,1.0,-210.34,STOP,-1.0,0
Bear Accept Short,BEAR_ACCEPTANCE,trend_down,strong,2026-02-04 00:00:00,2026-02-04 11:47:00,2026-02-04 12:28:00,41,SHORT,1,24963.5,24963.5,24896.75,25178.5,24896.5,133.5,1.24,1.0,131.26,TARGET,0.31,1
Opening Range Rev,OR_REVERSAL_LONG,neutral,moderate,2026-02-09 00:00:00,2026-02-09 10:30:00,2026-02-09 14:29:00,239,LONG,1,25087.75,25087.75,25421.15,25087.75,25421.4,666.8,1.24,1.0,664.56,TARGET,0.0,1
Opening Range Rev,OR_REVERSAL_SHORT,neutral,moderate,2026-02-10 00:00:00,2026-02-10 10:30:00,2026-02-10 10:32:00,2,SHORT,2,25333.5,25333.5,25433.39,25433.14,25134.98,-399.55,2.48,2.0,-404.03,STOP,-1.0,0
Opening Range Rev,OR_REVERSAL_SHORT,neutral,moderate,2026-02-11 00:00:00,2026-02-11 10:30:00,2026-02-11 10:31:00,1,SHORT,1,25351.75,25351.75,25074.6,25490.83,25074.35,554.3,1.24,1.0,552.06,TARGET,1.99,1
Edge Fade,EDGE_TO_MID,b_day,weak,2026-02-11 00:00:00,2026-02-11 10:31:00,2026-02-11 10:55:00,24,LONG,1,25100.75,25100.75,25261.5,24997.2,25261.75,321.5,1.24,1.0,319.26,TARGET,1.55,1
Opening Range Rev,OR_REVERSAL_SHORT,neutral,moderate,2026-02-12 00:00:00,2026-02-12 10:30:00,2026-02-12 10:32:00,2,SHORT,2,25353.75,25353.75,25220.1,25421.08,25219.85,534.6,2.48,2.0,530.12,TARGET,1.99,1
IB Retest,IB_RETEST_BEAR,p_day,moderate,2026-02-12 00:00:00,2026-02-12 10:37:00,2026-02-12 10:55:00,18,SHORT,1,25159.25,25159.25,25058.5,25392.5,25058.25,201.5,1.24,1.0,199.26,TARGET,0.43,1
Opening Range Rev,OR_REVERSAL_LONG,neutral,moderate,2026-02-13 00:00:00,2026-02-13 10:30:00,2026-02-13 15:28:00,298,LONG,1,24716.25,24716.25,24773.25,24716.25,25071.72,114.0,1.24,1.0,111.76,VWAP_BREACH_PM,0.0,1
B-Day,B_DAY_IBL_FADE,b_day,weak,2026-02-16 00:00:00,2026-02-16 10:46:00,2026-02-16 11:11:00,25,LONG,11,24699.75,24699.75,24744.88,24682.28,24745.12,992.75,13.64,11.0,968.11,TARGET,2.58,1
IB Retest,IB_RETEST_BEAR,p_day,moderate,2026-02-16 00:00:00,2026-02-16 10:34:00,2026-02-16 13:00:00,146,SHORT,1,24685.75,24685.75,24747.5,24797.5,24578.75,-123.5,1.24,1.0,-125.74,EOD,-0.55,0
Edge Fade,EDGE_TO_MID,b_day,weak,2026-02-17 00:00:00,2026-02-17 10:32:00,2026-02-17 11:02:00,30,LONG,2,24503.75,24503.75,24638.75,24409.22,24639.0,540.0,2.48,2.0,535.52,TARGET,1.43,1
B-Day,B_DAY_IBL_FADE,b_day,weak,2026-02-17 00:00:00,2026-02-17 10:35:00,2026-02-17 11:02:00,27,LONG,5,24464.25,24464.25,24638.75,24426.9,24639.0,1745.0,6.2,5.0,1733.8,TARGET,4.67,1
Opening Range Rev,OR_REVERSAL_LONG,neutral,moderate,2026-02-19 00:00:00,2026-02-19 10:30:00,2026-02-19 13:00:00,150,LONG,1,24872.0,24872.0,24779.75,24739.45,25136.35,-184.5,1.24,1.0,-186.74,VWAP_BREACH_PM,-0.7,0
Opening Range Rev,OR_REVERSAL_LONG,neutral,moderate,2026-02-20 00:00:00,2026-02-20 10:30:00,2026-02-20 15:30:00,300,LONG,1,24851.0,24851.0,25020.0,24851.0,25278.95,338.0,1.24,1.0,335.76,EOD,0.0,1
